"e_id","year","month","day","hour","minute","second","latitude","longitude","altitude","HDOP"
"1","2016","11","22","3","38","29","-1.0","-1.0","-1.0","0.9"
"2","2016","11","22","3","38","30","51.51317872","-0.07804198","-1.0","0.8"
"3","2016","11","22","3","38","31","51.51317847","-0.07805472","-1.0","0.8"
"4","2016","11","22","3","38","32","51.5131803","-0.07806396","-1.0","0.8"
"5","2016","11","22","3","38","33","51.51318186","-0.07807148","-1.0","0.8"
"6","2016","11","22","3","38","34","51.51318396","-0.07807951","-1.0","0.8"
"7","2016","11","22","3","38","35","51.51318396","-0.07807951","-1.0","0.8"
"8","2016","11","22","3","38","36","51.51318514","-0.07808359","-1.0","0.8"
"9","2016","11","22","3","38","37","51.51318683","-0.07808454","-1.0","0.9"
"10","2016","11","22","3","38","38","51.51318712","-0.07808449","-1.0","0.9"
"11","2016","11","22","3","38","39","51.51318712","-0.07808449","-1.0","0.9"
"12","2016","11","22","3","38","40","51.51318753","-0.07808436","-1.0","0.9"
"13","2016","11","22","3","38","41","51.5131876","-0.07808433","-1.0","0.9"
"14","2016","11","22","3","38","42","51.51318765","-0.0780843","-1.0","0.9"
"15","2016","11","22","3","38","43","51.51318769","-0.07808431","-1.0","0.9"
"16","2016","11","22","3","38","44","51.51318774","-0.07808432","-1.0","0.9"
"17","2016","11","22","3","38","45","51.51318781","-0.0780843","-1.0","0.9"
"18","2016","11","22","3","38","46","51.51318781","-0.0780843","-1.0","0.9"
"19","2016","11","22","3","38","47","51.51318794","-0.07808423","-1.0","0.9"
"20","2016","11","22","3","38","48","51.51318794","-0.07808423","-1.0","0.9"
"21","2016","11","22","3","38","49","51.51318702","-0.07808354","-1.0","0.9"
"22","2016","11","22","3","38","50","51.5131828","-0.07808265","-1.0","0.9"
"23","2016","11","22","3","38","51","51.5131786","-0.07808481","-1.0","0.9"
"24","2016","11","22","3","38","52","51.5131786","-0.07808481","-1.0","0.9"
"25","2016","11","22","3","38","53","51.51317829","-0.0780821","-1.0","0.9"
"26","2016","11","22","3","38","54","51.51317761","-0.07807913","-1.0","0.8"
"27","2016","11","22","3","38","55","51.51317873","-0.07807866","-1.0","0.8"
"28","2016","11","22","3","38","56","51.51317738","-0.07808014","-1.0","0.8"
"29","2016","11","22","3","38","57","51.51317556","-0.07808238","-1.0","0.8"
"30","2016","11","22","3","38","58","51.51317432","-0.07808301","-1.0","0.8"
"31","2016","11","22","3","38","59","51.51317446","-0.07808392","-1.0","0.8"
"32","2016","11","22","3","39","0","51.51317483","-0.07808478","-1.0","0.8"
"33","2016","11","22","3","39","1","51.51317515","-0.07808607","-1.0","0.8"
"34","2016","11","22","3","39","2","51.51317541","-0.07808679","-1.0","0.8"
"35","2016","11","22","3","39","3","51.51317541","-0.07808679","-1.0","0.8"
"36","2016","11","22","3","39","4","51.5131756","-0.07808741","-1.0","0.8"
"37","2016","11","22","3","39","5","51.51317539","-0.07808808","-1.0","0.8"
"38","2016","11","22","3","39","6","51.51317539","-0.07808808","-1.0","0.8"
"39","2016","11","22","3","39","7","51.51317384","-0.07808248","-1.0","0.8"
"40","2016","11","22","3","39","8","51.51317391","-0.07808796","-1.0","0.8"
"41","2016","11","22","3","39","9","51.51317518","-0.07808901","-1.0","0.8"
"42","2016","11","22","3","39","10","51.51317724","-0.078089","-1.0","0.8"
"43","2016","11","22","3","39","11","51.51317856","-0.07808983","-1.0","0.8"
"44","2016","11","22","3","39","12","51.51317903","-0.07808907","-1.0","0.8"
"45","2016","11","22","3","39","13","51.5131785","-0.07808534","-1.0","0.8"
"46","2016","11","22","3","39","14","51.5131756","-0.07808435","-1.0","0.8"
"47","2016","11","22","3","39","15","51.51317324","-0.07808277","-1.0","0.9"
"48","2016","11","22","3","39","16","51.51317203","-0.07808269","-1.0","0.8"
"49","2016","11","22","3","39","17","51.51317174","-0.0780827","-1.0","0.8"
"50","2016","11","22","3","39","18","51.51317183","-0.07808264","-1.0","0.8"
"51","2016","11","22","3","39","19","51.51317183","-0.07808264","-1.0","0.8"
"52","2016","11","22","3","39","20","51.51317189","-0.07808254","-1.0","0.8"
"53","2016","11","22","3","39","21","51.51317189","-0.07808248","-1.0","0.8"
"54","2016","11","22","3","39","22","51.51317188","-0.07808242","-1.0","0.9"
"55","2016","11","22","3","39","23","51.51317188","-0.07808235","-1.0","0.9"
"56","2016","11","22","3","39","24","51.51317188","-0.07808226","-1.0","0.8"
"57","2016","11","22","3","39","25","51.51317187","-0.07808221","-1.0","0.8"
"58","2016","11","22","3","39","26","51.51317186","-0.07808217","-1.0","0.8"
"59","2016","11","22","3","39","27","51.51317186","-0.07808217","-1.0","0.8"
"60","2016","11","22","3","39","28","51.51317182","-0.07808213","-1.0","0.8"
"61","2016","11","22","3","39","29","51.51317179","-0.0780821","-1.0","0.8"
"62","2016","11","22","3","39","30","51.51317177","-0.07808209","-1.0","0.8"
"63","2016","11","22","3","39","31","51.51317175","-0.07808216","-1.0","0.8"
"64","2016","11","22","3","39","32","51.51317175","-0.07808216","-1.0","0.8"
"65","2016","11","22","3","39","33","51.51317172","-0.07808223","-1.0","0.8"
"66","2016","11","22","3","39","34","51.51317171","-0.07808222","-1.0","0.8"
"67","2016","11","22","3","39","35","51.51317169","-0.07808224","-1.0","0.8"
"68","2016","11","22","3","39","36","51.51317168","-0.07808226","-1.0","0.8"
"69","2016","11","22","3","39","37","51.51317171","-0.07808228","-1.0","0.8"
"70","2016","11","22","3","39","38","51.51317171","-0.07808228","-1.0","0.8"
"71","2016","11","22","3","39","39","51.51317174","-0.07808235","-1.0","0.8"
"72","2016","11","22","3","39","40","51.51317175","-0.0780824","-1.0","0.8"
"73","2016","11","22","3","39","41","51.51317175","-0.0780824","-1.0","0.8"
"74","2016","11","22","3","39","42","51.51317179","-0.07808245","-1.0","0.8"
"75","2016","11","22","3","39","43","51.51317182","-0.07808249","-1.0","0.8"
"76","2016","11","22","3","39","44","51.51317182","-0.07808249","-1.0","0.8"
"77","2016","11","22","3","39","45","51.51317182","-0.07808259","-1.0","0.8"
"78","2016","11","22","3","39","46","51.51317181","-0.07808265","-1.0","0.8"
"79","2016","11","22","3","39","47","51.5131718","-0.07808269","-1.0","0.8"
"80","2016","11","22","3","39","48","51.5131718","-0.07808269","-1.0","0.8"
"81","2016","11","22","3","39","49","51.51317178","-0.07808276","-1.0","0.8"
"82","2016","11","22","3","39","50","51.51317172","-0.07808282","-1.0","0.8"
"83","2016","11","22","3","39","51","51.51317172","-0.07808282","-1.0","0.8"
"84","2016","11","22","3","39","52","51.51317171","-0.07808291","-1.0","0.8"
"85","2016","11","22","3","39","53","51.51317172","-0.07808293","-1.0","0.8"
"86","2016","11","22","3","39","54","51.51317168","-0.07808288","-1.0","0.8"
"87","2016","11","22","3","39","55","51.51317167","-0.07808284","-1.0","0.8"
"88","2016","11","22","3","39","56","51.51317166","-0.07808282","-1.0","0.8"
"89","2016","11","22","3","39","57","51.51317163","-0.07808279","-1.0","0.8"
"90","2016","11","22","3","39","58","51.51317162","-0.07808276","-1.0","0.8"
"91","2016","11","22","3","39","59","51.51317162","-0.07808276","-1.0","0.7"
"92","2016","11","22","3","40","0","51.51317158","-0.07808273","-1.0","0.7"
"93","2016","11","22","3","40","1","51.51317154","-0.0780827","-1.0","0.7"
"94","2016","11","22","3","40","2","51.51317154","-0.0780827","-1.0","0.8"
"95","2016","11","22","3","40","3","51.51317154","-0.0780826","-1.0","0.8"
"96","2016","11","22","3","40","4","51.51317154","-0.0780826","-1.0","0.8"
"97","2016","11","22","3","40","5","51.51317156","-0.0780825","-1.0","0.8"
"98","2016","11","22","3","40","6","51.51317156","-0.0780825","-1.0","0.8"
"99","2016","11","22","3","40","7","51.51317156","-0.07808246","-1.0","0.8"
"100","2016","11","22","3","40","8","51.51317156","-0.07808239","-1.0","0.8"
"101","2016","11","22","3","40","9","51.51317156","-0.07808236","-1.0","0.8"
"102","2016","11","22","3","40","10","51.51317156","-0.07808236","-1.0","0.8"
"103","2016","11","22","3","40","11","51.51317153","-0.07808233","-1.0","0.8"
"104","2016","11","22","3","40","12","51.5131715","-0.07808232","-1.0","0.8"
"105","2016","11","22","3","40","13","51.51317147","-0.07808232","-1.0","0.8"
"106","2016","11","22","3","40","14","51.51317147","-0.0780823","-1.0","0.9"
"107","2016","11","22","3","40","15","51.51317149","-0.07808225","-1.0","0.8"
"108","2016","11","22","3","40","16","51.51317152","-0.07808221","-1.0","0.8"
"109","2016","11","22","3","40","17","51.51317152","-0.07808221","-1.0","0.8"
"110","2016","11","22","3","40","18","51.51317153","-0.07808216","-1.0","0.8"
"111","2016","11","22","3","40","19","51.51317154","-0.07808209","-1.0","0.8"
"112","2016","11","22","3","40","20","51.51317156","-0.07808206","-1.0","0.8"
"113","2016","11","22","3","40","21","51.51317156","-0.07808204","-1.0","0.8"
"114","2016","11","22","3","40","22","51.51317156","-0.07808202","-1.0","0.9"
"115","2016","11","22","3","40","23","51.51317161","-0.07808197","-1.0","1.0"
"116","2016","11","22","3","40","24","51.51317167","-0.07808192","-1.0","1.0"
"117","2016","11","22","3","40","25","51.51317172","-0.07808187","-1.0","0.9"
"118","2016","11","22","3","40","26","51.51317175","-0.07808186","-1.0","0.9"
"119","2016","11","22","3","40","27","51.51317175","-0.07808186","-1.0","0.9"
"120","2016","11","22","3","40","28","51.5131719","-0.07808177","-1.0","0.9"
"121","2016","11","22","3","40","29","51.51317192","-0.07808174","-1.0","0.9"
"122","2016","11","22","3","40","30","51.51317192","-0.07808175","-1.0","0.9"
"123","2016","11","22","3","40","31","51.51317194","-0.07808172","-1.0","0.9"
"124","2016","11","22","3","40","32","51.51317195","-0.07808171","-1.0","1.0"
"125","2016","11","22","3","40","33","51.51317201","-0.07808163","-1.0","1.0"
"126","2016","11","22","3","40","34","51.51317201","-0.07808163","-1.0","0.9"
"127","2016","11","22","3","40","35","51.51317208","-0.07808154","-1.0","0.8"
"128","2016","11","22","3","40","36","51.5131721","-0.07808152","-1.0","0.8"
"129","2016","11","22","3","40","37","51.5131721","-0.07808152","-1.0","0.8"
"130","2016","11","22","3","40","38","51.51317222","-0.07808144","-1.0","0.8"
"131","2016","11","22","3","40","39","51.51317222","-0.07808144","-1.0","0.8"
"132","2016","11","22","3","40","40","51.51317234","-0.07808134","-1.0","0.8"
"133","2016","11","22","3","40","41","51.51317245","-0.07808125","-1.0","0.8"
"134","2016","11","22","3","40","42","51.51317257","-0.07808116","-1.0","0.8"
"135","2016","11","22","3","40","43","51.51317257","-0.07808116","-1.0","0.8"
"136","2016","11","22","3","40","44","51.51317258","-0.07808138","-1.0","0.9"
"137","2016","11","22","3","40","45","51.51317256","-0.07808154","-1.0","0.9"
"138","2016","11","22","3","40","46","51.51317254","-0.07808169","-1.0","0.9"
"139","2016","11","22","3","40","47","51.51317254","-0.07808169","-1.0","0.8"
"140","2016","11","22","3","40","48","51.51317258","-0.0780819","-1.0","0.8"
"141","2016","11","22","3","40","49","51.51317258","-0.0780819","-1.0","0.8"
"142","2016","11","22","3","40","50","51.51317258","-0.07808206","-1.0","0.8"
"143","2016","11","22","3","40","51","51.51317259","-0.0780822","-1.0","0.8"
"144","2016","11","22","3","40","52","51.51317257","-0.07808249","-1.0","0.8"
"145","2016","11","22","3","40","53","51.51317252","-0.07808289","-1.0","0.8"
"146","2016","11","22","3","40","54","51.51317252","-0.07808289","-1.0","0.8"
"147","2016","11","22","3","40","55","51.51317252","-0.07808305","-1.0","0.8"
"148","2016","11","22","3","40","56","51.51317257","-0.0780832","-1.0","0.8"
"149","2016","11","22","3","40","57","51.5131726","-0.07808328","-1.0","0.8"
"150","2016","11","22","3","40","58","51.5131726","-0.07808328","-1.0","0.8"
"151","2016","11","22","3","40","59","51.51317263","-0.07808335","-1.0","0.8"
"152","2016","11","22","3","41","0","51.51317266","-0.07808341","-1.0","0.8"
"153","2016","11","22","3","41","1","51.51317268","-0.07808352","-1.0","0.8"
"154","2016","11","22","3","41","2","51.51317277","-0.07808374","-1.0","0.8"
"155","2016","11","22","3","41","3","51.51317278","-0.07808385","-1.0","0.8"
"156","2016","11","22","3","41","4","51.51317276","-0.07808396","-1.0","0.8"
"157","2016","11","22","3","41","5","51.51317276","-0.07808396","-1.0","0.8"
"158","2016","11","22","3","41","6","51.51317278","-0.07808405","-1.0","0.8"
"159","2016","11","22","3","41","7","51.51317282","-0.07808412","-1.0","0.8"
"160","2016","11","22","3","41","8","51.51317283","-0.07808432","-1.0","0.8"
"161","2016","11","22","3","41","9","51.51317283","-0.07808444","-1.0","0.8"
"162","2016","11","22","3","41","10","51.51317287","-0.07808454","-1.0","0.8"
"163","2016","11","22","3","41","11","51.5131729","-0.07808469","-1.0","0.8"
"164","2016","11","22","3","41","12","51.5131729","-0.07808469","-1.0","0.8"
"165","2016","11","22","3","41","13","51.51317292","-0.07808507","-1.0","0.8"
"166","2016","11","22","3","41","14","51.51317292","-0.07808507","-1.0","0.8"
"167","2016","11","22","3","41","15","51.51317294","-0.07808517","-1.0","0.8"
"168","2016","11","22","3","41","16","51.51317296","-0.07808529","-1.0","0.8"
"169","2016","11","22","3","41","17","51.51317296","-0.07808535","-1.0","0.8"
"170","2016","11","22","3","41","18","51.51317293","-0.07808553","-1.0","0.8"
"171","2016","11","22","3","41","19","51.51317295","-0.07808562","-1.0","0.8"
"172","2016","11","22","3","41","20","51.51317298","-0.07808573","-1.0","0.8"
"173","2016","11","22","3","41","21","51.51317311","-0.07808588","-1.0","0.8"
"174","2016","11","22","3","41","22","51.5131732","-0.07808593","-1.0","0.8"
"175","2016","11","22","3","41","23","51.51317326","-0.07808597","-1.0","0.8"
"176","2016","11","22","3","41","24","51.51317326","-0.07808597","-1.0","0.8"
"177","2016","11","22","3","41","25","51.51317329","-0.07808602","-1.0","0.8"
"178","2016","11","22","3","41","26","51.51317331","-0.078086","-1.0","0.8"
"179","2016","11","22","3","41","27","51.51317331","-0.078086","-1.0","0.8"
"180","2016","11","22","3","41","28","51.51317334","-0.07808599","-1.0","0.8"
"181","2016","11","22","3","41","29","51.51317337","-0.07808598","-1.0","0.8"
"182","2016","11","22","3","41","30","51.51317337","-0.07808598","-1.0","0.8"
"183","2016","11","22","3","41","31","51.51317338","-0.07808598","-1.0","0.8"
"184","2016","11","22","3","41","32","51.51317332","-0.07808604","-1.0","0.8"
"185","2016","11","22","3","41","33","51.51317331","-0.07808606","-1.0","0.8"
"186","2016","11","22","3","41","34","51.51317331","-0.07808606","-1.0","0.8"
"187","2016","11","22","3","41","35","51.5131733","-0.07808607","-1.0","0.8"
"188","2016","11","22","3","41","36","51.51317325","-0.07808622","-1.0","0.8"
"189","2016","11","22","3","41","37","51.5131732","-0.07808629","-1.0","0.8"
"190","2016","11","22","3","41","38","51.51317317","-0.07808629","-1.0","0.8"
"191","2016","11","22","3","41","39","51.51317315","-0.0780863","-1.0","0.8"
"192","2016","11","22","3","41","40","51.5131731","-0.07808632","-1.0","0.8"
"193","2016","11","22","3","41","41","51.51317307","-0.07808633","-1.0","0.8"
"194","2016","11","22","3","41","42","51.51317302","-0.07808636","-1.0","0.8"
"195","2016","11","22","3","41","43","51.51317299","-0.07808638","-1.0","0.8"
"196","2016","11","22","3","41","44","51.51317296","-0.0780864","-1.0","0.8"
"197","2016","11","22","3","41","45","51.51317296","-0.0780864","-1.0","0.8"
"198","2016","11","22","3","41","46","51.51317293","-0.07808641","-1.0","0.8"
"199","2016","11","22","3","41","48","51.51317282","-0.07808643","-1.0","0.8"
"200","2016","11","22","3","41","49","51.51317282","-0.07808643","-1.0","0.8"
"201","2016","11","22","3","41","50","51.51317275","-0.07808644","-1.0","0.8"
"202","2016","11","22","3","41","51","51.51317274","-0.07808641","-1.0","0.8"
"203","2016","11","22","3","41","52","51.51317274","-0.07808642","-1.0","0.8"
"204","2016","11","22","3","41","53","51.51317274","-0.07808642","-1.0","0.8"
"205","2016","11","22","3","41","54","51.51317272","-0.07808645","-1.0","0.8"
"206","2016","11","22","3","41","56","51.51317271","-0.07808646","-1.0","0.8"
"207","2016","11","22","3","41","57","51.51317268","-0.0780864","-1.0","0.8"
"208","2016","11","22","3","41","58","51.51317268","-0.0780864","-1.0","0.8"
"209","2016","11","22","3","41","59","51.51317267","-0.07808639","-1.0","0.8"
"210","2016","11","22","3","42","0","51.51317268","-0.07808638","-1.0","0.8"
"211","2016","11","22","3","42","1","51.51317269","-0.07808638","-1.0","0.8"
"212","2016","11","22","3","42","2","51.51317269","-0.07808638","-1.0","0.8"
"213","2016","11","22","3","42","3","51.51317269","-0.07808638","-1.0","0.8"
"214","2016","11","22","3","42","4","51.5131727","-0.07808635","-1.0","0.8"
"215","2016","11","22","3","42","5","51.51317268","-0.07808629","-1.0","0.8"
"216","2016","11","22","3","42","6","51.51317268","-0.07808629","-1.0","0.8"
"217","2016","11","22","3","42","7","51.51317267","-0.07808624","-1.0","0.8"
"218","2016","11","22","3","42","8","51.51317263","-0.07808613","-1.0","0.8"
"219","2016","11","22","3","42","9","51.51317262","-0.0780861","-1.0","0.8"
"220","2016","11","22","3","42","10","51.51317264","-0.0780861","-1.0","0.8"
"221","2016","11","22","3","42","11","51.51317267","-0.0780861","-1.0","0.8"
"222","2016","11","22","3","42","12","51.51317267","-0.0780861","-1.0","0.8"
"223","2016","11","22","3","42","13","51.51317271","-0.07808609","-1.0","0.8"
"224","2016","11","22","3","42","14","51.51317273","-0.07808612","-1.0","0.8"
"225","2016","11","22","3","42","15","51.51317273","-0.07808614","-1.0","0.8"
"226","2016","11","22","3","42","16","51.51317274","-0.07808613","-1.0","0.8"
"227","2016","11","22","3","42","17","51.51317274","-0.07808621","-1.0","0.9"
"228","2016","11","22","3","42","18","51.51317271","-0.07808629","-1.0","0.8"
"229","2016","11","22","3","42","19","51.51317268","-0.07808629","-1.0","0.8"
"230","2016","11","22","3","42","20","51.51317265","-0.07808637","-1.0","0.8"
"231","2016","11","22","3","42","21","51.51317264","-0.07808644","-1.0","0.8"
"232","2016","11","22","3","42","22","51.51317264","-0.07808644","-1.0","0.8"
"233","2016","11","22","3","42","23","51.51317264","-0.07808644","-1.0","0.8"
"234","2016","11","22","3","42","24","51.51317267","-0.07808642","-1.0","0.8"
"235","2016","11","22","3","42","25","51.51317267","-0.0780864","-1.0","0.8"
"236","2016","11","22","3","42","26","51.51317267","-0.0780864","-1.0","0.8"
"237","2016","11","22","3","42","27","51.51317267","-0.07808641","-1.0","0.8"
"238","2016","11","22","3","42","28","51.51317266","-0.07808644","-1.0","0.8"
"239","2016","11","22","3","42","29","51.51317269","-0.07808643","-1.0","0.8"
"240","2016","11","22","3","42","30","51.51317275","-0.0780864","-1.0","0.8"
"241","2016","11","22","3","42","31","51.51317275","-0.0780864","-1.0","0.8"
"242","2016","11","22","3","42","32","51.51317279","-0.0780864","-1.0","0.8"
"243","2016","11","22","3","42","33","51.51317287","-0.0780864","-1.0","0.8"
"244","2016","11","22","3","42","34","51.51317289","-0.07808644","-1.0","0.8"
"245","2016","11","22","3","42","35","51.51317289","-0.07808644","-1.0","0.8"
"246","2016","11","22","3","42","36","51.51317288","-0.07808648","-1.0","0.8"
"247","2016","11","22","3","42","38","51.51317287","-0.07808652","-1.0","0.8"
"248","2016","11","22","3","42","39","51.51317289","-0.07808653","-1.0","0.8"
"249","2016","11","22","3","42","40","51.51317286","-0.07808654","-1.0","0.8"
"250","2016","11","22","3","42","42","51.51317285","-0.07808655","-1.0","0.8"
"251","2016","11","22","3","42","43","51.51317285","-0.07808656","-1.0","0.8"
"252","2016","11","22","3","42","44","51.51317286","-0.07808655","-1.0","0.8"
"253","2016","11","22","3","42","45","51.51317284","-0.07808657","-1.0","0.9"
"254","2016","11","22","3","42","46","51.51317284","-0.07808657","-1.0","0.9"
"255","2016","11","22","3","42","47","51.51317284","-0.07808657","-1.0","0.9"
"256","2016","11","22","3","42","48","51.51317279","-0.0780866","-1.0","0.9"
"257","2016","11","22","3","42","49","51.51317279","-0.0780866","-1.0","0.8"
"258","2016","11","22","3","42","50","51.51317272","-0.07808667","-1.0","0.8"
"259","2016","11","22","3","42","51","51.51317272","-0.07808668","-1.0","0.8"
"260","2016","11","22","3","42","52","51.51317268","-0.0780867","-1.0","0.8"
"261","2016","11","22","3","42","53","51.51317265","-0.07808676","-1.0","0.8"
"262","2016","11","22","3","42","54","51.51317265","-0.07808676","-1.0","0.8"
"263","2016","11","22","3","42","55","51.5131726","-0.07808682","-1.0","0.8"
"264","2016","11","22","3","42","56","51.51317249","-0.07808692","-1.0","0.8"
"265","2016","11","22","3","42","57","51.51317249","-0.07808692","-1.0","0.9"
"266","2016","11","22","3","42","58","51.51317235","-0.07808691","-1.0","0.9"
"267","2016","11","22","3","42","59","51.51317235","-0.07808691","-1.0","0.9"
"268","2016","11","22","3","43","0","51.5131723","-0.07808688","-1.0","0.9"
"269","2016","11","22","3","43","1","51.51317224","-0.07808684","-1.0","0.9"
"270","2016","11","22","3","43","2","51.51317219","-0.0780868","-1.0","0.8"
"271","2016","11","22","3","43","3","51.51317214","-0.07808677","-1.0","0.8"
"272","2016","11","22","3","43","4","51.5131721","-0.07808674","-1.0","0.8"
"273","2016","11","22","3","43","5","51.5131721","-0.07808674","-1.0","0.8"
"274","2016","11","22","3","43","6","51.51317198","-0.07808666","-1.0","0.8"
"275","2016","11","22","3","43","7","51.51317191","-0.0780866","-1.0","0.8"
"276","2016","11","22","3","43","8","51.5131719","-0.07808646","-1.0","0.8"
"277","2016","11","22","3","43","9","51.51317192","-0.07808638","-1.0","0.8"
"278","2016","11","22","3","43","11","51.51317193","-0.07808634","-1.0","0.8"
"279","2016","11","22","3","43","12","51.51317191","-0.07808621","-1.0","0.8"
"280","2016","11","22","3","43","13","51.51317188","-0.07808615","-1.0","0.8"
"281","2016","11","22","3","43","14","51.51317185","-0.07808602","-1.0","0.8"
"282","2016","11","22","3","43","15","51.51317189","-0.07808594","-1.0","0.8"
"283","2016","11","22","3","43","16","51.51317189","-0.07808594","-1.0","0.9"
"284","2016","11","22","3","43","17","51.51317191","-0.07808588","-1.0","0.9"
"285","2016","11","22","3","43","18","51.51317198","-0.07808583","-1.0","0.9"
"286","2016","11","22","3","43","19","51.51317205","-0.07808578","-1.0","0.8"
"287","2016","11","22","3","43","20","51.51317207","-0.07808568","-1.0","0.8"
"288","2016","11","22","3","43","21","51.51317208","-0.07808564","-1.0","0.9"
"289","2016","11","22","3","43","22","51.51317207","-0.07808564","-1.0","0.9"
"290","2016","11","22","3","43","23","51.51317207","-0.07808564","-1.0","0.8"
"291","2016","11","22","3","43","24","51.51317207","-0.07808562","-1.0","0.8"
"292","2016","11","22","3","43","25","51.51317209","-0.07808554","-1.0","0.8"
"293","2016","11","22","3","43","26","51.51317212","-0.07808549","-1.0","0.8"
"294","2016","11","22","3","43","27","51.51317212","-0.07808546","-1.0","0.8"
"295","2016","11","22","3","43","28","51.51317214","-0.07808542","-1.0","0.8"
"296","2016","11","22","3","43","29","51.51317214","-0.07808542","-1.0","0.8"
"297","2016","11","22","3","43","30","51.5131722","-0.07808535","-1.0","0.8"
"298","2016","11","22","3","43","31","51.51317224","-0.07808532","-1.0","0.8"
"299","2016","11","22","3","43","32","51.51317227","-0.07808531","-1.0","0.8"
"300","2016","11","22","3","43","33","51.51317229","-0.07808531","-1.0","0.8"
"301","2016","11","22","3","43","34","51.51317229","-0.07808532","-1.0","0.8"
"302","2016","11","22","3","43","35","51.51317228","-0.07808533","-1.0","0.8"
"303","2016","11","22","3","43","37","51.51317226","-0.07808533","-1.0","0.8"
"304","2016","11","22","3","43","38","51.51317225","-0.07808534","-1.0","0.8"
"305","2016","11","22","3","43","39","51.51317225","-0.07808534","-1.0","0.8"
"306","2016","11","22","3","43","40","51.51317223","-0.07808531","-1.0","0.8"
"307","2016","11","22","3","43","41","51.51317223","-0.07808531","-1.0","0.8"
"308","2016","11","22","3","43","42","51.51317221","-0.07808529","-1.0","0.8"
"309","2016","11","22","3","43","43","51.51317218","-0.07808525","-1.0","0.8"
"310","2016","11","22","3","43","44","51.51317216","-0.07808522","-1.0","0.8"
"311","2016","11","22","3","43","45","51.51317216","-0.07808522","-1.0","0.8"
"312","2016","11","22","3","43","46","51.51317213","-0.0780852","-1.0","0.8"
"313","2016","11","22","3","43","47","51.51317211","-0.07808514","-1.0","0.8"
"314","2016","11","22","3","43","48","51.51317211","-0.07808511","-1.0","0.8"
"315","2016","11","22","3","43","49","51.51317211","-0.07808508","-1.0","0.8"
"316","2016","11","22","3","43","50","51.51317209","-0.07808506","-1.0","0.8"
"317","2016","11","22","3","43","51","51.51317208","-0.07808503","-1.0","0.8"
"318","2016","11","22","3","43","52","51.51317208","-0.07808503","-1.0","0.8"
"319","2016","11","22","3","43","53","51.51317207","-0.07808497","-1.0","0.8"
"320","2016","11","22","3","43","54","51.51317206","-0.07808494","-1.0","0.8"
"321","2016","11","22","3","43","55","51.51317206","-0.07808492","-1.0","0.8"
"322","2016","11","22","3","43","56","51.51317205","-0.07808491","-1.0","0.8"
"323","2016","11","22","3","43","57","51.51317204","-0.0780849","-1.0","0.8"
"324","2016","11","22","3","43","58","51.513172","-0.07808488","-1.0","0.8"
"325","2016","11","22","3","43","59","51.513172","-0.07808488","-1.0","0.8"
"326","2016","11","22","3","44","1","51.51317197","-0.07808484","-1.0","0.8"
"327","2016","11","22","3","44","2","51.51317198","-0.07808481","-1.0","0.8"
"328","2016","11","22","3","44","3","51.51317198","-0.07808481","-1.0","0.8"
"329","2016","11","22","3","44","4","51.51317199","-0.07808481","-1.0","0.8"
"330","2016","11","22","3","44","5","51.513172","-0.07808482","-1.0","0.8"
"331","2016","11","22","3","44","6","51.513172","-0.07808482","-1.0","0.8"
"332","2016","11","22","3","44","7","51.51317215","-0.07808578","-1.0","0.8"
"333","2016","11","22","3","44","8","51.51317261","-0.07808831","-1.0","0.8"
"334","2016","11","22","3","44","9","51.51317293","-0.0780915","-1.0","0.8"
"335","2016","11","22","3","44","10","51.51317353","-0.07809617","-1.0","0.8"
"336","2016","11","22","3","44","11","51.51317487","-0.07809543","-1.0","0.8"
"337","2016","11","22","3","44","12","51.51317514","-0.07809576","-1.0","0.8"
"338","2016","11","22","3","44","13","51.51317514","-0.07809576","-1.0","0.8"
"339","2016","11","22","3","44","14","51.51317618","-0.07808737","-1.0","0.8"
"340","2016","11","22","3","44","15","51.51317816","-0.0780813","-1.0","0.8"
"341","2016","11","22","3","44","16","51.51317986","-0.07807483","-1.0","0.8"
"342","2016","11","22","3","44","17","51.51317986","-0.07807483","-1.0","0.8"
"343","2016","11","22","3","44","18","51.51318209","-0.07807115","-1.0","0.8"
"344","2016","11","22","3","44","19","51.51318242","-0.07807136","-1.0","0.8"
"345","2016","11","22","3","44","20","51.51318239","-0.07807176","-1.0","0.8"
"346","2016","11","22","3","44","21","51.51318232","-0.07807201","-1.0","0.8"
"347","2016","11","22","3","44","22","51.51318224","-0.07807214","-1.0","0.8"
"348","2016","11","22","3","44","23","51.51318218","-0.07807221","-1.0","0.8"
"349","2016","11","22","3","44","24","51.51318218","-0.07807221","-1.0","0.8"
"350","2016","11","22","3","44","25","51.51318214","-0.07807216","-1.0","0.8"
"351","2016","11","22","3","44","26","51.51318215","-0.07807208","-1.0","0.8"
"352","2016","11","22","3","44","27","51.51318281","-0.07807375","-1.0","0.8"
"353","2016","11","22","3","44","28","51.51318022","-0.07807185","-1.0","0.8"
"354","2016","11","22","3","44","29","51.51317775","-0.07807142","-1.0","0.8"
"355","2016","11","22","3","44","30","51.51317468","-0.07807455","-1.0","0.8"
"356","2016","11","22","3","44","31","51.51317325","-0.07807757","-1.0","0.8"
"357","2016","11","22","3","44","32","51.51317325","-0.07807757","-1.0","0.8"
"358","2016","11","22","3","44","33","51.51317251","-0.07807904","-1.0","0.8"
"359","2016","11","22","3","44","34","51.51317191","-0.07808185","-1.0","0.8"
"360","2016","11","22","3","44","35","51.51317291","-0.07808503","-1.0","0.8"
"361","2016","11","22","3","44","36","51.51317249","-0.07808833","-1.0","0.8"
"362","2016","11","22","3","44","37","51.51317295","-0.07809116","-1.0","0.8"
"363","2016","11","22","3","44","38","51.51317295","-0.07809116","-1.0","0.8"
"364","2016","11","22","3","44","39","51.51317607","-0.07809391","-1.0","0.8"
"365","2016","11","22","3","44","40","51.51317791","-0.07809093","-1.0","0.8"
"366","2016","11","22","3","44","41","51.51318022","-0.07808583","-1.0","0.8"
"367","2016","11","22","3","44","42","51.5131821","-0.07808167","-1.0","0.8"
"368","2016","11","22","3","44","43","51.51318278","-0.07808111","-1.0","0.8"
"369","2016","11","22","3","44","44","51.51318255","-0.07807947","-1.0","0.8"
"370","2016","11","22","3","44","45","51.51318342","-0.07807724","-1.0","0.8"
"371","2016","11","22","3","44","46","51.51318329","-0.07807701","-1.0","0.8"
"372","2016","11","22","3","44","47","51.51318329","-0.07807701","-1.0","0.8"
"373","2016","11","22","3","44","48","51.51318313","-0.0780765","-1.0","0.8"
"374","2016","11","22","3","44","49","51.51318316","-0.07807633","-1.0","0.8"
"375","2016","11","22","3","44","50","51.51318316","-0.07807633","-1.0","0.8"
"376","2016","11","22","3","44","51","51.51318249","-0.07807731","-1.0","0.8"
"377","2016","11","22","3","44","52","51.5131825","-0.07807728","-1.0","0.8"
"378","2016","11","22","3","44","53","51.51318257","-0.07807715","-1.0","0.8"
"379","2016","11","22","3","44","54","51.51318385","-0.07807534","-1.0","0.8"
"380","2016","11","22","3","44","55","51.51318385","-0.07807534","-1.0","0.8"
"381","2016","11","22","3","44","56","51.51318469","-0.07807226","-1.0","0.8"
"382","2016","11","22","3","44","57","51.51318467","-0.078072","-1.0","0.8"
"383","2016","11","22","3","44","58","51.513184","-0.07807086","-1.0","0.8"
"384","2016","11","22","3","44","59","51.51318299","-0.07806909","-1.0","0.8"
"385","2016","11","22","3","45","0","51.5131816","-0.07806853","-1.0","0.8"
"386","2016","11","22","3","45","1","51.51318112","-0.07806955","-1.0","0.8"
"387","2016","11","22","3","45","2","51.51317872","-0.07807157","-1.0","0.8"
"388","2016","11","22","3","45","3","51.51317872","-0.07807157","-1.0","0.8"
"389","2016","11","22","3","45","4","51.5131736","-0.07807752","-1.0","0.8"
"390","2016","11","22","3","45","5","51.5131721","-0.07807598","-1.0","0.9"
"391","2016","11","22","3","45","6","51.51317168","-0.07807469","-1.0","0.9"
"392","2016","11","22","3","45","7","51.51317148","-0.07807436","-1.0","0.9"
"393","2016","11","22","3","45","8","51.51317145","-0.07807425","-1.0","0.9"
"394","2016","11","22","3","45","9","51.51317139","-0.07807417","-1.0","0.8"
"395","2016","11","22","3","45","10","51.51317139","-0.07807417","-1.0","0.8"
"396","2016","11","22","3","45","11","51.51317132","-0.07807419","-1.0","0.8"
"397","2016","11","22","3","45","12","51.51316583","-0.07807732","-1.0","0.8"
"398","2016","11","22","3","45","13","51.51316583","-0.07807732","-1.0","0.8"
"399","2016","11","22","3","45","14","51.51316246","-0.0780828","-1.0","0.8"
"400","2016","11","22","3","45","15","51.51316241","-0.07808252","-1.0","0.8"
"401","2016","11","22","3","45","16","51.51316237","-0.07808118","-1.0","0.8"
"402","2016","11","22","3","45","17","51.51316109","-0.07808462","-1.0","0.8"
"403","2016","11","22","3","45","18","51.51315908","-0.078087","-1.0","1.0"
"404","2016","11","22","3","45","19","51.51315744","-0.07808919","-1.0","0.9"
"405","2016","11","22","3","45","20","51.51315559","-0.07809212","-1.0","0.8"
"406","2016","11","22","3","45","21","51.51315583","-0.07808791","-1.0","0.8"
"407","2016","11","22","3","45","22","51.51315602","-0.07808588","-1.0","0.8"
"408","2016","11","22","3","45","23","51.51315577","-0.0780857","-1.0","0.8"
"409","2016","11","22","3","45","24","51.51315577","-0.0780857","-1.0","0.8"
"410","2016","11","22","3","45","25","51.51315544","-0.07808629","-1.0","0.8"
"411","2016","11","22","3","45","26","51.51315522","-0.07808654","-1.0","0.8"
"412","2016","11","22","3","45","27","51.51315512","-0.07808665","-1.0","0.8"
"413","2016","11","22","3","45","28","51.51315509","-0.07808677","-1.0","0.8"
"414","2016","11","22","3","45","29","51.5131551","-0.07808678","-1.0","0.9"
"415","2016","11","22","3","45","30","51.5131551","-0.07808678","-1.0","0.9"
"416","2016","11","22","3","45","31","51.51315511","-0.07808676","-1.0","0.9"
"417","2016","11","22","3","45","32","51.51315512","-0.07808676","-1.0","0.9"
"418","2016","11","22","3","45","33","51.51315512","-0.07808678","-1.0","0.9"
"419","2016","11","22","3","45","34","51.51315511","-0.07808679","-1.0","0.9"
"420","2016","11","22","3","45","35","51.51315509","-0.07808675","-1.0","0.9"
"421","2016","11","22","3","45","36","51.51315507","-0.07808674","-1.0","0.9"
"422","2016","11","22","3","45","37","51.51315507","-0.07808674","-1.0","0.9"
"423","2016","11","22","3","45","38","51.51315502","-0.07808679","-1.0","0.9"
"424","2016","11","22","3","45","39","51.51315502","-0.07808679","-1.0","0.9"
"425","2016","11","22","3","45","40","51.51315509","-0.07808679","-1.0","0.9"
"426","2016","11","22","3","45","41","51.51315513","-0.0780868","-1.0","0.9"
"427","2016","11","22","3","45","42","51.51315513","-0.0780868","-1.0","0.9"
"428","2016","11","22","3","45","43","51.5131553","-0.07808663","-1.0","0.9"
"429","2016","11","22","3","45","44","51.51315534","-0.07808665","-1.0","0.8"
"430","2016","11","22","3","45","45","51.51315534","-0.07808665","-1.0","0.8"
"431","2016","11","22","3","45","46","51.51315538","-0.07808666","-1.0","0.8"
"432","2016","11","22","3","45","47","51.51315545","-0.07808668","-1.0","0.8"
"433","2016","11","22","3","45","48","51.51315547","-0.07808669","-1.0","0.8"
"434","2016","11","22","3","45","49","51.51315549","-0.07808671","-1.0","0.8"
"435","2016","11","22","3","45","50","51.51315549","-0.07808671","-1.0","1.0"
"436","2016","11","22","3","45","51","51.51315535","-0.07808721","-1.0","1.0"
"437","2016","11","22","3","45","52","51.51315532","-0.07808734","-1.0","0.8"
"438","2016","11","22","3","45","53","51.51315533","-0.0780874","-1.0","0.8"
"439","2016","11","22","3","45","54","51.51315533","-0.0780874","-1.0","0.8"
"440","2016","11","22","3","45","55","51.51315535","-0.07808743","-1.0","0.8"
"441","2016","11","22","3","45","56","51.51315539","-0.07808745","-1.0","0.8"
"442","2016","11","22","3","45","57","51.5131554","-0.07808744","-1.0","0.8"
"443","2016","11","22","3","45","58","51.51315542","-0.0780874","-1.0","0.9"
"444","2016","11","22","3","45","59","51.51315542","-0.07808741","-1.0","0.9"
"445","2016","11","22","3","46","0","51.51315541","-0.07808741","-1.0","0.9"
"446","2016","11","22","3","46","1","51.51315541","-0.07808741","-1.0","0.9"
"447","2016","11","22","3","46","2","51.5131554","-0.07808751","-1.0","0.9"
"448","2016","11","22","3","46","3","51.51315355","-0.07808752","-1.0","0.9"
"449","2016","11","22","3","46","4","51.51314768","-0.07808113","-1.0","0.9"
"450","2016","11","22","3","46","5","51.51314269","-0.07808","-1.0","0.9"
"451","2016","11","22","3","46","6","51.51314269","-0.07808","-1.0","0.9"
"452","2016","11","22","3","46","7","51.51314214","-0.07807362","-1.0","0.9"
"453","2016","11","22","3","46","8","51.51314648","-0.07806148","-1.0","0.9"
"454","2016","11","22","3","46","9","51.51314648","-0.07806148","-1.0","0.9"
"455","2016","11","22","3","46","10","51.51314716","-0.07804949","-1.0","0.9"
"456","2016","11","22","3","46","11","51.51314716","-0.07804949","-1.0","0.9"
"457","2016","11","22","3","46","12","51.5131466","-0.07804189","-1.0","0.9"
"458","2016","11","22","3","46","13","51.51314646","-0.07803833","-1.0","0.9"
"459","2016","11","22","3","46","14","51.51314646","-0.07803833","-1.0","0.9"
"460","2016","11","22","3","46","15","51.51314743","-0.07803915","-1.0","0.9"
"461","2016","11","22","3","46","16","51.51314796","-0.07803897","-1.0","0.9"
"462","2016","11","22","3","46","17","51.51314796","-0.07803897","-1.0","0.9"
"463","2016","11","22","3","46","18","51.51314845","-0.07803826","-1.0","0.9"
"464","2016","11","22","3","46","19","51.51314854","-0.07803811","-1.0","0.9"
"465","2016","11","22","3","46","20","51.51314854","-0.07803811","-1.0","0.9"
"466","2016","11","22","3","46","21","51.51314866","-0.078038","-1.0","0.9"
"467","2016","11","22","3","46","22","51.5131487","-0.07803804","-1.0","0.9"
"468","2016","11","22","3","46","23","51.51314871","-0.0780381","-1.0","0.9"
"469","2016","11","22","3","46","24","51.51314873","-0.07803811","-1.0","0.9"
"470","2016","11","22","3","46","25","51.51314873","-0.07803811","-1.0","0.9"
"471","2016","11","22","3","46","26","51.51314873","-0.07803811","-1.0","0.9"
"472","2016","11","22","3","46","27","51.51314871","-0.07803812","-1.0","0.8"
"473","2016","11","22","3","46","28","51.51314864","-0.07803812","-1.0","0.8"
"474","2016","11","22","3","46","29","51.5131486","-0.07803812","-1.0","0.8"
"475","2016","11","22","3","46","30","51.51314857","-0.07803809","-1.0","0.8"
"476","2016","11","22","3","46","31","51.51314856","-0.07803808","-1.0","0.8"
"477","2016","11","22","3","46","32","51.51314855","-0.07803805","-1.0","0.8"
"478","2016","11","22","3","46","33","51.51315046","-0.07803243","-1.0","0.8"
"479","2016","11","22","3","46","34","51.51315046","-0.07803243","-1.0","0.8"
"480","2016","11","22","3","46","35","51.51314748","-0.07802634","-1.0","0.8"
"481","2016","11","22","3","46","36","51.51314718","-0.07802269","-1.0","0.8"
"482","2016","11","22","3","46","37","51.51314507","-0.07801922","-1.0","0.8"
"483","2016","11","22","3","46","38","51.51314507","-0.07801922","-1.0","0.8"
"484","2016","11","22","3","46","39","51.5131414","-0.07801774","-1.0","0.8"
"485","2016","11","22","3","46","40","51.51313407","-0.07801899","-1.0","0.8"
"486","2016","11","22","3","46","41","51.51313094","-0.07801973","-1.0","0.8"
"487","2016","11","22","3","46","42","51.51312854","-0.07802011","-1.0","0.8"
"488","2016","11","22","3","46","43","51.51312794","-0.07801429","-1.0","0.8"
"489","2016","11","22","3","46","44","51.51312781","-0.07801157","-1.0","0.8"
"490","2016","11","22","3","46","45","51.51312611","-0.07801425","-1.0","0.8"
"491","2016","11","22","3","46","46","51.51312583","-0.07801427","-1.0","0.8"
"492","2016","11","22","3","46","47","51.51312628","-0.07801285","-1.0","0.8"
"493","2016","11","22","3","46","48","51.51312628","-0.07801285","-1.0","0.8"
"494","2016","11","22","3","46","49","51.51312638","-0.07801228","-1.0","0.8"
"495","2016","11","22","3","46","50","51.51312625","-0.07801252","-1.0","0.8"
"496","2016","11","22","3","46","51","51.51312617","-0.07801262","-1.0","0.8"
"497","2016","11","22","3","46","52","51.51312611","-0.07801271","-1.0","0.8"
"498","2016","11","22","3","46","53","51.51312604","-0.07801279","-1.0","0.8"
"499","2016","11","22","3","46","54","51.51312598","-0.07801289","-1.0","0.8"
"500","2016","11","22","3","46","55","51.51312592","-0.07801301","-1.0","0.8"
"501","2016","11","22","3","46","56","51.51312589","-0.0780131","-1.0","0.8"
"502","2016","11","22","3","46","57","51.51312589","-0.0780131","-1.0","0.8"
"503","2016","11","22","3","46","58","51.51312591","-0.07801302","-1.0","0.8"
"504","2016","11","22","3","46","59","51.51312595","-0.07801293","-1.0","0.8"
"505","2016","11","22","3","47","0","51.51312595","-0.07801294","-1.0","0.8"
"506","2016","11","22","3","47","1","51.51312596","-0.07801291","-1.0","0.8"
"507","2016","11","22","3","47","2","51.51312596","-0.07801291","-1.0","0.9"
"508","2016","11","22","3","47","3","51.51312596","-0.07801298","-1.0","0.9"
"509","2016","11","22","3","47","4","51.51312589","-0.07801323","-1.0","0.9"
"510","2016","11","22","3","47","5","51.51312589","-0.07801323","-1.0","0.9"
"511","2016","11","22","3","47","6","51.51312498","-0.07801755","-1.0","0.9"
"512","2016","11","22","3","47","7","51.51312498","-0.07801755","-1.0","0.9"
"513","2016","11","22","3","47","8","51.51312559","-0.07802363","-1.0","0.9"
"514","2016","11","22","3","47","9","51.51312869","-0.07802577","-1.0","0.9"
"515","2016","11","22","3","47","10","51.5131334","-0.07803445","-1.0","0.9"
"516","2016","11","22","3","47","11","51.5131334","-0.07803445","-1.0","0.9"
"517","2016","11","22","3","47","12","51.51313606","-0.07804222","-1.0","0.9"
"518","2016","11","22","3","47","13","51.51314303","-0.0780495","-1.0","0.9"
"519","2016","11","22","3","47","14","51.51314522","-0.07805573","-1.0","0.9"
"520","2016","11","22","3","47","15","51.51314728","-0.078061","-1.0","0.9"
"521","2016","11","22","3","47","16","51.51314788","-0.07806442","-1.0","0.9"
"522","2016","11","22","3","47","17","51.51315119","-0.07806299","-1.0","0.9"
"523","2016","11","22","3","47","18","51.51315119","-0.07806299","-1.0","0.9"
"524","2016","11","22","3","47","19","51.5131533","-0.07806328","-1.0","0.9"
"525","2016","11","22","3","47","20","51.51315795","-0.07805313","-1.0","0.9"
"526","2016","11","22","3","47","21","51.51315841","-0.07805188","-1.0","0.9"
"527","2016","11","22","3","47","22","51.51315854","-0.07805125","-1.0","1.0"
"528","2016","11","22","3","47","23","51.51315854","-0.07805125","-1.0","1.0"
"529","2016","11","22","3","47","24","51.51315856","-0.07805097","-1.0","1.0"
"530","2016","11","22","3","47","25","51.51315856","-0.07805097","-1.0","0.9"
"531","2016","11","22","3","47","26","51.51315864","-0.07805075","-1.0","0.9"
"532","2016","11","22","3","47","27","51.5131586","-0.07805085","-1.0","0.9"
"533","2016","11","22","3","47","28","51.51315858","-0.07805088","-1.0","0.9"
"534","2016","11","22","3","47","29","51.51315848","-0.07805115","-1.0","0.9"
"535","2016","11","22","3","47","30","51.51315848","-0.07805115","-1.0","0.8"
"536","2016","11","22","3","47","31","51.51315839","-0.07805128","-1.0","0.8"
"537","2016","11","22","3","47","32","51.51315839","-0.07805121","-1.0","0.8"
"538","2016","11","22","3","47","33","51.51315841","-0.07805109","-1.0","0.8"
"539","2016","11","22","3","47","34","51.51315844","-0.07805099","-1.0","0.8"
"540","2016","11","22","3","47","35","51.51315845","-0.07805099","-1.0","0.8"
"541","2016","11","22","3","47","36","51.51315845","-0.07805101","-1.0","0.8"
"542","2016","11","22","3","47","37","51.51315839","-0.07805115","-1.0","0.8"
"543","2016","11","22","3","47","38","51.51315839","-0.07805115","-1.0","0.8"
"544","2016","11","22","3","47","39","51.51315836","-0.07805118","-1.0","0.8"
"545","2016","11","22","3","47","40","51.5131584","-0.07805105","-1.0","0.8"
"546","2016","11","22","3","47","41","51.51315842","-0.07805095","-1.0","0.8"
"547","2016","11","22","3","47","42","51.51315842","-0.07805089","-1.0","0.8"
"548","2016","11","22","3","47","43","51.5131584","-0.07805082","-1.0","0.8"
"549","2016","11","22","3","47","44","51.51315837","-0.07805078","-1.0","0.8"
"550","2016","11","22","3","47","45","51.51315833","-0.0780508","-1.0","0.8"
"551","2016","11","22","3","47","46","51.5131583","-0.07805084","-1.0","0.8"
"552","2016","11","22","3","47","47","51.51315828","-0.07805088","-1.0","0.8"
"553","2016","11","22","3","47","48","51.51315828","-0.07805085","-1.0","0.8"
"554","2016","11","22","3","47","49","51.51315826","-0.07805089","-1.0","0.8"
"555","2016","11","22","3","47","50","51.51315822","-0.07805091","-1.0","0.8"
"556","2016","11","22","3","47","51","51.51315817","-0.07805096","-1.0","0.8"
"557","2016","11","22","3","47","52","51.51315817","-0.07805096","-1.0","0.9"
"558","2016","11","22","3","47","53","51.51315807","-0.07805105","-1.0","0.8"
"559","2016","11","22","3","47","54","51.51315801","-0.07805114","-1.0","0.8"
"560","2016","11","22","3","47","55","51.51315795","-0.07805119","-1.0","0.8"
"561","2016","11","22","3","47","56","51.51315792","-0.07805122","-1.0","0.8"
"562","2016","11","22","3","47","57","51.51315792","-0.07805122","-1.0","0.8"
"563","2016","11","22","3","47","58","51.51315787","-0.07805125","-1.0","0.8"
"564","2016","11","22","3","47","59","51.51315782","-0.07805134","-1.0","0.8"
"565","2016","11","22","3","48","0","51.51315776","-0.07805142","-1.0","0.8"
"566","2016","11","22","3","48","1","51.51315776","-0.07805142","-1.0","0.9"
"567","2016","11","22","3","48","2","51.51315769","-0.07805146","-1.0","0.9"
"568","2016","11","22","3","48","3","51.51315769","-0.07805146","-1.0","0.9"
"569","2016","11","22","3","48","4","51.51315764","-0.07805145","-1.0","0.9"
"570","2016","11","22","3","48","5","51.51315765","-0.07805142","-1.0","0.9"
"571","2016","11","22","3","48","6","51.51315765","-0.07805136","-1.0","0.9"
"572","2016","11","22","3","48","7","51.51315766","-0.07805131","-1.0","1.0"
"573","2016","11","22","3","48","8","51.51315767","-0.07805127","-1.0","1.0"
"574","2016","11","22","3","48","9","51.51315767","-0.07805119","-1.0","1.0"
"575","2016","11","22","3","48","10","51.51315767","-0.07805113","-1.0","1.0"
"576","2016","11","22","3","48","11","51.51315768","-0.07805112","-1.0","1.0"
"577","2016","11","22","3","48","12","51.51315768","-0.07805112","-1.0","1.0"
"578","2016","11","22","3","48","13","51.51315746","-0.07805179","-1.0","1.0"
"579","2016","11","22","3","48","14","51.51315738","-0.07805207","-1.0","1.0"
"580","2016","11","22","3","48","15","51.51315738","-0.07805207","-1.0","1.0"
"581","2016","11","22","3","48","16","51.51315738","-0.07805216","-1.0","1.0"
"582","2016","11","22","3","48","17","51.51315735","-0.07805222","-1.0","1.0"
"583","2016","11","22","3","48","18","51.51315735","-0.07805222","-1.0","0.9"
"584","2016","11","22","3","48","19","51.51315734","-0.07805223","-1.0","0.8"
"585","2016","11","22","3","48","20","51.51315734","-0.07805223","-1.0","0.8"
"586","2016","11","22","3","48","21","51.51315734","-0.07805223","-1.0","0.8"
"587","2016","11","22","3","48","22","51.51315734","-0.07805223","-1.0","0.8"
"588","2016","11","22","3","48","23","51.51315734","-0.07805223","-1.0","0.8"
"589","2016","11","22","3","48","24","51.51315734","-0.07805223","-1.0","0.8"
"590","2016","11","22","3","48","25","51.51315734","-0.07805223","-1.0","0.8"
