obs_id,e_id,sv_prn,constell_id,azimuth,elevation,CN0
1,1,16,1,292.0,23.0,20.7
2,1,20,1,105.0,10.0,19.3
3,1,21,1,168.0,39.0,18.1
4,1,23,1,317.0,10.0,20.2
5,1,25,1,112.0,25.0,21.6
6,1,26,1,292.0,52.0,23.7
7,1,29,1,61.0,57.0,15.0
8,1,31,1,216.0,53.0,16.7
9,1,2,1,35.0,7.0,0.0
10,1,9,1,344.0,4.0,0.0
11,1,27,1,0.0,0.0,0.0
12,1,18,3,222.0,29.0,15.8
13,1,16,3,319.0,35.0,25.4
14,1,15,3,172.0,75.0,14.6
15,1,24,3,40.0,40.0,12.0
16,1,17,3,220.0,83.0,18.8
17,1,7,3,338.0,8.0,14.9
18,1,8,3,26.0,11.0,12.9
19,1,1,3,0.0,0.0,0.0
20,1,5,5,113.0,11.0,0.0
21,1,12,5,54.0,5.0,0.0
22,1,136,2,0.0,0.0,29.0
23,1,136,2,0.0,0.0,29.0
24,2,16,1,292.0,23.0,28.0
25,2,20,1,105.0,10.0,19.3
26,2,21,1,168.0,39.0,18.1
27,2,23,1,317.0,10.0,18.7
28,2,25,1,112.0,25.0,18.2
29,2,26,1,292.0,52.0,18.4
30,2,29,1,61.0,57.0,17.4
31,2,31,1,216.0,53.0,16.7
32,2,2,1,35.0,7.0,0.0
33,2,9,1,344.0,4.0,0.0
34,2,27,1,0.0,0.0,0.0
35,2,18,3,222.0,29.0,15.8
36,2,16,3,319.0,35.0,25.2
37,2,15,3,172.0,75.0,14.6
38,2,24,3,40.0,40.0,12.0
39,2,17,3,220.0,83.0,16.3
40,2,7,3,338.0,8.0,14.9
41,2,8,3,26.0,11.0,12.9
42,2,1,3,0.0,0.0,0.0
43,2,5,5,113.0,11.0,0.0
44,2,12,5,54.0,5.0,0.0
45,2,136,2,0.0,0.0,29.0
46,2,136,2,0.0,0.0,29.0
47,3,16,1,292.0,23.0,31.2
48,3,20,1,105.0,10.0,19.3
49,3,21,1,168.0,39.0,18.1
50,3,23,1,317.0,10.0,22.1
51,3,25,1,112.0,25.0,20.9
52,3,26,1,292.0,52.0,26.7
53,3,29,1,61.0,57.0,22.2
54,3,31,1,216.0,53.0,16.7
55,3,2,1,35.0,7.0,0.0
56,3,9,1,344.0,4.0,0.0
57,3,27,1,0.0,0.0,0.0
58,3,18,3,222.0,29.0,14.7
59,3,16,3,319.0,35.0,28.4
60,3,15,3,172.0,75.0,14.6
61,3,24,3,40.0,40.0,12.0
62,3,17,3,220.0,83.0,18.6
63,3,7,3,338.0,8.0,15.4
64,3,8,3,26.0,11.0,12.9
65,3,1,3,0.0,0.0,0.0
66,3,5,5,113.0,11.0,0.0
67,3,12,5,54.0,5.0,0.0
68,3,136,2,0.0,0.0,29.0
69,3,136,2,0.0,0.0,29.0
70,4,16,1,292.0,23.0,29.8
71,4,20,1,105.0,10.0,19.3
72,4,21,1,168.0,39.0,18.1
73,4,23,1,317.0,10.0,19.1
74,4,25,1,112.0,25.0,20.9
75,4,26,1,292.0,52.0,26.5
76,4,29,1,61.0,57.0,19.3
77,4,31,1,216.0,53.0,14.8
78,4,2,1,35.0,7.0,0.0
79,4,9,1,344.0,4.0,0.0
80,4,27,1,0.0,0.0,0.0
81,4,18,3,222.0,29.0,18.6
82,4,16,3,319.0,35.0,23.8
83,4,15,3,172.0,75.0,13.1
84,4,24,3,40.0,40.0,12.0
85,4,17,3,220.0,83.0,18.6
86,4,7,3,338.0,8.0,15.4
87,4,8,3,26.0,11.0,12.9
88,4,1,3,0.0,0.0,0.0
89,4,5,5,113.0,11.0,0.0
90,4,12,5,54.0,5.0,0.0
91,4,136,2,0.0,0.0,29.0
92,4,136,2,0.0,0.0,29.0
93,5,16,1,292.0,23.0,27.7
94,5,20,1,105.0,10.0,19.3
95,5,21,1,168.0,39.0,18.1
96,5,23,1,317.0,10.0,19.1
97,5,25,1,112.0,25.0,19.9
98,5,26,1,292.0,52.0,20.3
99,5,29,1,61.0,57.0,19.3
100,5,31,1,216.0,53.0,14.8
101,5,2,1,35.0,7.0,0.0
102,5,9,1,344.0,4.0,0.0
103,5,27,1,0.0,0.0,0.0
104,5,18,3,222.0,29.0,18.6
105,5,16,3,319.0,35.0,27.2
106,5,15,3,172.0,75.0,13.1
107,5,24,3,40.0,40.0,12.0
108,5,17,3,220.0,83.0,18.6
109,5,7,3,338.0,8.0,15.4
110,5,8,3,26.0,11.0,12.4
111,5,1,3,0.0,0.0,0.0
112,5,5,5,113.0,11.0,0.0
113,5,12,5,54.0,5.0,0.0
114,5,136,2,0.0,0.0,29.0
115,5,136,2,0.0,0.0,29.0
116,6,16,1,292.0,23.0,28.9
117,6,20,1,105.0,10.0,15.0
118,6,21,1,168.0,39.0,15.2
119,6,23,1,317.0,10.0,17.3
120,6,25,1,112.0,25.0,18.4
121,6,26,1,292.0,52.0,25.7
122,6,29,1,61.0,57.0,18.3
123,6,31,1,216.0,53.0,19.6
124,6,2,1,35.0,7.0,0.0
125,6,9,1,344.0,4.0,0.0
126,6,27,1,0.0,0.0,0.0
127,6,18,3,222.0,29.0,17.4
128,6,16,3,319.0,35.0,25.4
129,6,15,3,172.0,75.0,13.1
130,6,24,3,40.0,40.0,12.0
131,6,17,3,220.0,83.0,15.3
132,6,7,3,338.0,8.0,15.4
133,6,8,3,26.0,11.0,12.4
134,6,1,3,0.0,0.0,0.0
135,6,5,5,113.0,11.0,0.0
136,6,12,5,54.0,5.0,0.0
137,6,136,2,0.0,0.0,29.0
138,6,136,2,0.0,0.0,29.0
139,7,16,1,292.0,23.0,28.8
140,7,20,1,105.0,11.0,15.0
141,7,21,1,168.0,40.0,19.2
142,7,23,1,316.0,10.0,18.7
143,7,25,1,113.0,25.0,20.1
144,7,26,1,292.0,52.0,26.3
145,7,29,1,61.0,56.0,18.3
146,7,31,1,215.0,52.0,21.1
147,7,2,1,35.0,7.0,0.0
148,7,9,1,343.0,4.0,0.0
149,7,27,1,0.0,0.0,0.0
150,7,18,3,222.0,29.0,17.4
151,7,16,3,319.0,35.0,25.7
152,7,15,3,172.0,75.0,13.1
153,7,24,3,40.0,40.0,12.0
154,7,17,3,220.0,83.0,20.2
155,7,7,3,338.0,8.0,15.4
156,7,8,3,26.0,11.0,12.4
157,7,1,3,0.0,0.0,0.0
158,7,5,5,113.0,11.0,0.0
159,7,12,5,56.0,4.0,0.0
160,7,136,2,0.0,0.0,29.0
161,7,136,2,0.0,0.0,29.0
162,8,16,1,292.0,23.0,27.3
163,8,20,1,105.0,11.0,15.0
164,8,21,1,167.0,40.0,18.8
165,8,23,1,316.0,10.0,21.8
166,8,25,1,113.0,24.0,19.8
167,8,26,1,292.0,52.0,27.3
168,8,29,1,61.0,56.0,16.7
169,8,31,1,215.0,52.0,21.1
170,8,2,1,35.0,6.0,0.0
171,8,9,1,343.0,4.0,0.0
172,8,27,1,0.0,0.0,0.0
173,8,18,3,222.0,29.0,16.1
174,8,16,3,319.0,37.0,25.8
175,8,15,3,172.0,74.0,15.5
176,8,24,3,40.0,38.0,12.0
177,8,17,3,222.0,83.0,20.2
178,8,7,3,338.0,7.0,15.4
179,8,8,3,25.0,11.0,12.4
180,8,1,3,0.0,0.0,0.0
181,8,5,5,113.0,11.0,0.0
182,8,12,5,56.0,4.0,0.0
183,8,136,2,0.0,0.0,29.0
184,8,136,2,0.0,0.0,29.0
185,9,16,1,292.0,23.0,26.7
186,9,20,1,105.0,11.0,15.0
187,9,21,1,167.0,40.0,18.8
188,9,23,1,316.0,10.0,18.1
189,9,25,1,113.0,24.0,21.3
190,9,26,1,292.0,52.0,22.4
191,9,29,1,61.0,56.0,16.7
192,9,31,1,215.0,52.0,18.0
193,9,2,1,35.0,6.0,0.0
194,9,9,1,343.0,4.0,0.0
195,9,27,1,0.0,0.0,0.0
196,9,18,3,222.0,29.0,19.8
197,9,16,3,319.0,37.0,26.9
198,9,15,3,172.0,74.0,15.5
199,9,24,3,40.0,38.0,12.0
200,9,17,3,222.0,83.0,16.5
201,9,7,3,338.0,7.0,13.8
202,9,8,3,25.0,11.0,12.4
203,9,1,3,0.0,0.0,0.0
204,9,5,5,113.0,11.0,0.0
205,9,12,5,56.0,4.0,0.0
206,9,136,2,0.0,0.0,29.0
207,9,136,2,0.0,0.0,29.0
208,10,16,1,292.0,23.0,27.5
209,10,20,1,105.0,11.0,15.0
210,10,21,1,167.0,40.0,17.3
211,10,23,1,316.0,10.0,18.1
212,10,25,1,113.0,24.0,21.2
213,10,26,1,292.0,52.0,22.0
214,10,29,1,61.0,56.0,16.7
215,10,31,1,215.0,52.0,20.3
216,10,2,1,35.0,6.0,0.0
217,10,9,1,343.0,4.0,0.0
218,10,27,1,0.0,0.0,0.0
219,10,18,3,222.0,29.0,19.8
220,10,16,3,319.0,37.0,28.3
221,10,15,3,172.0,74.0,15.5
222,10,24,3,40.0,38.0,12.0
223,10,17,3,222.0,83.0,16.5
224,10,7,3,338.0,7.0,13.8
225,10,8,3,25.0,11.0,12.4
226,10,1,3,0.0,0.0,0.0
227,10,5,5,113.0,11.0,0.0
228,10,12,5,56.0,4.0,0.0
229,10,136,2,0.0,0.0,29.0
230,10,136,2,0.0,0.0,29.0
231,11,16,1,292.0,23.0,27.9
232,11,20,1,105.0,11.0,15.0
233,11,21,1,167.0,40.0,19.4
234,11,23,1,316.0,10.0,18.1
235,11,25,1,113.0,24.0,22.8
236,11,26,1,292.0,52.0,22.6
237,11,29,1,61.0,56.0,16.7
238,11,31,1,215.0,52.0,20.3
239,11,2,1,35.0,6.0,0.0
240,11,9,1,343.0,4.0,0.0
241,11,27,1,0.0,0.0,0.0
242,11,18,3,222.0,29.0,19.8
243,11,16,3,319.0,37.0,28.1
244,11,15,3,172.0,74.0,15.5
245,11,24,3,40.0,38.0,12.0
246,11,17,3,222.0,83.0,16.5
247,11,7,3,338.0,7.0,13.8
248,11,8,3,25.0,11.0,12.4
249,11,1,3,0.0,0.0,0.0
250,11,5,5,113.0,11.0,0.0
251,11,12,5,56.0,4.0,0.0
252,11,136,2,0.0,0.0,29.0
253,11,136,2,0.0,0.0,29.0
254,12,16,1,292.0,23.0,29.0
255,12,20,1,105.0,11.0,15.0
256,12,21,1,167.0,40.0,19.4
257,12,23,1,316.0,10.0,18.1
258,12,25,1,113.0,24.0,22.0
259,12,26,1,292.0,52.0,25.3
260,12,29,1,61.0,56.0,16.7
261,12,31,1,215.0,52.0,21.2
262,12,2,1,35.0,6.0,0.0
263,12,9,1,343.0,4.0,0.0
264,12,27,1,0.0,0.0,0.0
265,12,18,3,222.0,29.0,18.7
266,12,16,3,319.0,37.0,24.4
267,12,15,3,172.0,74.0,15.5
268,12,24,3,40.0,38.0,12.0
269,12,17,3,222.0,83.0,16.5
270,12,7,3,338.0,7.0,15.3
271,12,8,3,25.0,11.0,12.4
272,12,1,3,0.0,0.0,0.0
273,12,5,5,113.0,11.0,0.0
274,12,12,5,56.0,4.0,0.0
275,12,136,2,0.0,0.0,29.0
276,12,136,2,0.0,0.0,29.0
277,13,9,1,343.0,4.0,14.9
278,13,16,1,292.0,23.0,29.5
279,13,20,1,105.0,11.0,15.0
280,13,21,1,167.0,40.0,19.4
281,13,23,1,316.0,10.0,16.2
282,13,25,1,113.0,24.0,18.5
283,13,26,1,292.0,52.0,26.8
284,13,29,1,61.0,56.0,16.7
285,13,31,1,215.0,52.0,21.2
286,13,2,1,35.0,6.0,0.0
287,13,27,1,0.0,0.0,0.0
288,13,18,3,222.0,29.0,18.7
289,13,16,3,319.0,37.0,27.1
290,13,15,3,172.0,74.0,15.5
291,13,24,3,40.0,38.0,12.0
292,13,17,3,222.0,83.0,14.3
293,13,7,3,338.0,7.0,15.3
294,13,8,3,25.0,11.0,12.4
295,13,1,3,0.0,0.0,0.0
296,13,5,5,113.0,11.0,0.0
297,13,12,5,56.0,4.0,0.0
298,13,136,2,0.0,0.0,29.0
299,13,136,2,0.0,0.0,29.0
300,14,9,1,343.0,4.0,14.3
301,14,16,1,292.0,23.0,28.8
302,14,20,1,105.0,11.0,15.0
303,14,21,1,167.0,40.0,16.4
304,14,23,1,316.0,10.0,19.4
305,14,25,1,113.0,24.0,18.5
306,14,26,1,292.0,52.0,27.8
307,14,29,1,61.0,56.0,17.3
308,14,31,1,215.0,52.0,23.2
309,14,2,1,35.0,6.0,0.0
310,14,27,1,0.0,0.0,0.0
311,14,18,3,222.0,29.0,18.0
312,14,16,3,319.0,37.0,27.1
313,14,15,3,172.0,74.0,15.5
314,14,24,3,40.0,38.0,12.0
315,14,17,3,222.0,83.0,14.3
316,14,7,3,338.0,7.0,15.3
317,14,8,3,25.0,11.0,12.4
318,14,1,3,0.0,0.0,0.0
319,14,5,5,113.0,11.0,0.0
320,14,12,5,56.0,4.0,0.0
321,14,136,2,0.0,0.0,29.0
322,14,136,2,0.0,0.0,29.0
323,15,16,1,292.0,23.0,31.2
324,15,20,1,105.0,11.0,12.9
325,15,21,1,167.0,40.0,25.5
326,15,23,1,316.0,10.0,19.4
327,15,25,1,113.0,24.0,17.4
328,15,26,1,292.0,52.0,31.9
329,15,29,1,61.0,56.0,19.5
330,15,31,1,215.0,52.0,20.6
331,15,2,1,35.0,6.0,0.0
332,15,9,1,343.0,4.0,0.0
333,15,27,1,0.0,0.0,0.0
334,15,18,3,222.0,29.0,18.0
335,15,16,3,319.0,37.0,28.4
336,15,15,3,172.0,74.0,13.8
337,15,24,3,40.0,38.0,12.0
338,15,17,3,222.0,83.0,14.3
339,15,7,3,338.0,7.0,15.3
340,15,8,3,25.0,11.0,12.4
341,15,1,3,0.0,0.0,0.0
342,15,5,5,113.0,11.0,0.0
343,15,12,5,56.0,4.0,0.0
344,15,136,2,0.0,0.0,29.0
345,15,136,2,0.0,0.0,29.0
346,16,16,1,292.0,23.0,32.4
347,16,20,1,105.0,11.0,12.9
348,16,21,1,167.0,40.0,26.5
349,16,23,1,316.0,10.0,18.6
350,16,25,1,113.0,24.0,20.4
351,16,26,1,292.0,52.0,28.1
352,16,29,1,61.0,56.0,22.4
353,16,31,1,215.0,52.0,20.6
354,16,2,1,35.0,6.0,0.0
355,16,9,1,343.0,4.0,0.0
356,16,27,1,0.0,0.0,0.0
357,16,18,3,222.0,29.0,16.8
358,16,16,3,319.0,37.0,29.4
359,16,15,3,172.0,74.0,13.8
360,16,24,3,40.0,38.0,12.0
361,16,17,3,222.0,83.0,16.1
362,16,7,3,338.0,7.0,14.6
363,16,8,3,25.0,11.0,12.4
364,16,1,3,0.0,0.0,0.0
365,16,5,5,113.0,11.0,0.0
366,16,12,5,56.0,4.0,0.0
367,16,136,2,0.0,0.0,29.0
368,16,136,2,0.0,0.0,29.0
369,17,16,1,292.0,23.0,33.9
370,17,20,1,105.0,11.0,12.9
371,17,21,1,167.0,40.0,24.5
372,17,23,1,316.0,10.0,18.6
373,17,25,1,113.0,24.0,21.6
374,17,26,1,292.0,52.0,28.7
375,17,29,1,61.0,56.0,26.2
376,17,31,1,215.0,52.0,17.1
377,17,2,1,35.0,6.0,0.0
378,17,9,1,343.0,4.0,0.0
379,17,27,1,0.0,0.0,0.0
380,17,18,3,222.0,29.0,16.8
381,17,16,3,319.0,37.0,27.6
382,17,15,3,172.0,74.0,17.8
383,17,24,3,40.0,38.0,12.0
384,17,17,3,222.0,83.0,16.1
385,17,7,3,338.0,7.0,14.6
386,17,8,3,25.0,11.0,11.9
387,17,1,3,0.0,0.0,0.0
388,17,5,5,113.0,11.0,0.0
389,17,12,5,56.0,4.0,0.0
390,17,136,2,0.0,0.0,29.0
391,17,136,2,0.0,0.0,29.0
392,18,16,1,292.0,23.0,33.8
393,18,20,1,105.0,11.0,12.9
394,18,21,1,167.0,40.0,21.4
395,18,23,1,316.0,10.0,18.6
396,18,25,1,113.0,24.0,18.9
397,18,26,1,292.0,52.0,31.6
398,18,29,1,61.0,56.0,24.8
399,18,31,1,215.0,52.0,17.7
400,18,2,1,35.0,6.0,0.0
401,18,9,1,343.0,4.0,0.0
402,18,27,1,0.0,0.0,0.0
403,18,18,3,222.0,29.0,16.8
404,18,16,3,319.0,37.0,28.1
405,18,15,3,172.0,74.0,17.8
406,18,24,3,40.0,38.0,12.0
407,18,17,3,222.0,83.0,16.1
408,18,7,3,338.0,7.0,16.0
409,18,8,3,25.0,11.0,11.9
410,18,1,3,0.0,0.0,0.0
411,18,5,5,113.0,11.0,0.0
412,18,12,5,56.0,4.0,0.0
413,18,136,2,0.0,0.0,29.0
414,18,136,2,0.0,0.0,29.0
415,19,20,1,105.0,11.0,12.9
416,19,21,1,167.0,40.0,19.2
417,19,23,1,316.0,10.0,16.6
418,19,25,1,113.0,24.0,18.9
419,19,26,1,292.0,52.0,33.0
420,19,29,1,61.0,56.0,22.8
421,19,31,1,215.0,52.0,17.7
422,19,2,1,35.0,6.0,0.0
423,19,5,1,60.0,13.0,0.0
424,19,9,1,343.0,4.0,0.0
425,19,27,1,0.0,0.0,0.0
426,19,18,3,222.0,29.0,16.8
427,19,16,3,319.0,37.0,27.7
428,19,15,3,172.0,74.0,18.0
429,19,24,3,40.0,38.0,12.0
430,19,17,3,222.0,83.0,16.1
431,19,7,3,338.0,7.0,16.0
432,19,8,3,25.0,11.0,11.9
433,19,1,3,0.0,0.0,0.0
434,19,5,5,113.0,11.0,0.0
435,19,12,5,56.0,4.0,0.0
436,19,136,2,0.0,0.0,29.0
437,19,136,2,0.0,0.0,29.0
438,20,20,1,105.0,11.0,12.9
439,20,21,1,167.0,40.0,20.0
440,20,23,1,316.0,10.0,16.6
441,20,25,1,113.0,24.0,17.3
442,20,26,1,292.0,52.0,31.7
443,20,29,1,61.0,56.0,20.2
444,20,31,1,215.0,52.0,18.2
445,20,2,1,35.0,6.0,0.0
446,20,5,1,60.0,13.0,0.0
447,20,9,1,343.0,4.0,0.0
448,20,27,1,0.0,0.0,0.0
449,20,18,3,222.0,29.0,16.8
450,20,16,3,319.0,37.0,29.8
451,20,15,3,172.0,74.0,20.0
452,20,24,3,40.0,38.0,12.0
453,20,17,3,222.0,83.0,16.1
454,20,7,3,338.0,7.0,16.0
455,20,8,3,25.0,11.0,11.9
456,20,1,3,0.0,0.0,0.0
457,20,5,5,113.0,11.0,0.0
458,20,12,5,56.0,4.0,0.0
459,20,136,2,0.0,0.0,29.0
460,20,136,2,0.0,0.0,29.0
461,21,20,1,105.0,11.0,12.9
462,21,21,1,167.0,40.0,21.3
463,21,23,1,316.0,10.0,17.7
464,21,25,1,113.0,24.0,17.3
465,21,26,1,292.0,52.0,32.3
466,21,29,1,61.0,56.0,22.5
467,21,31,1,215.0,52.0,18.2
468,21,2,1,35.0,6.0,0.0
469,21,5,1,60.0,13.0,0.0
470,21,9,1,343.0,4.0,0.0
471,21,27,1,0.0,0.0,0.0
472,21,18,3,222.0,29.0,14.2
473,21,16,3,319.0,37.0,30.5
474,21,15,3,172.0,74.0,20.0
475,21,17,3,222.0,83.0,16.1
476,21,7,3,338.0,7.0,14.9
477,21,8,3,25.0,11.0,11.9
478,21,1,3,0.0,0.0,0.0
479,21,5,5,113.0,11.0,0.0
480,21,12,5,56.0,4.0,0.0
481,21,136,2,0.0,0.0,29.0
482,21,136,2,0.0,0.0,29.0
483,22,16,1,292.0,23.0,32.4
484,22,20,1,105.0,11.0,12.9
485,22,21,1,167.0,40.0,22.3
486,22,23,1,316.0,10.0,17.7
487,22,25,1,113.0,24.0,16.8
488,22,26,1,292.0,52.0,31.1
489,22,29,1,61.0,56.0,21.3
490,22,31,1,215.0,52.0,18.8
491,22,2,1,35.0,6.0,0.0
492,22,5,1,60.0,13.0,0.0
493,22,27,1,0.0,0.0,0.0
494,22,18,3,222.0,29.0,14.2
495,22,16,3,319.0,37.0,29.9
496,22,15,3,172.0,74.0,17.1
497,22,17,3,222.0,83.0,16.1
498,22,7,3,338.0,7.0,14.9
499,22,8,3,25.0,11.0,14.2
500,22,1,3,0.0,0.0,0.0
501,22,24,3,40.0,38.0,0.0
502,22,5,5,113.0,11.0,0.0
503,22,12,5,56.0,4.0,0.0
504,22,136,2,0.0,0.0,29.0
505,22,136,2,0.0,0.0,29.0
506,23,20,1,105.0,11.0,13.3
507,23,21,1,167.0,40.0,19.8
508,23,23,1,316.0,10.0,17.3
509,23,25,1,113.0,24.0,16.8
510,23,26,1,292.0,52.0,33.2
511,23,29,1,61.0,56.0,23.0
512,23,31,1,215.0,52.0,22.3
513,23,2,1,35.0,6.0,0.0
514,23,5,1,60.0,13.0,0.0
515,23,9,1,343.0,4.0,0.0
516,23,27,1,0.0,0.0,0.0
517,23,18,3,222.0,29.0,14.2
518,23,16,3,319.0,37.0,29.0
519,23,15,3,172.0,74.0,17.1
520,23,17,3,222.0,83.0,16.1
521,23,7,3,338.0,7.0,14.9
522,23,8,3,25.0,11.0,14.2
523,23,1,3,0.0,0.0,0.0
524,23,24,3,40.0,38.0,0.0
525,23,5,5,113.0,11.0,0.0
526,23,12,5,56.0,4.0,0.0
527,23,136,2,0.0,0.0,29.0
528,23,136,2,0.0,0.0,29.0
529,24,9,1,343.0,4.0,18.8
530,24,16,1,292.0,23.0,32.0
531,24,20,1,105.0,11.0,13.3
532,24,21,1,167.0,40.0,20.9
533,24,23,1,316.0,10.0,17.3
534,24,25,1,113.0,24.0,16.8
535,24,26,1,292.0,52.0,30.7
536,24,29,1,61.0,56.0,22.8
537,24,31,1,215.0,52.0,24.1
538,24,2,1,35.0,6.0,0.0
539,24,27,1,0.0,0.0,0.0
540,24,18,3,222.0,29.0,14.2
541,24,16,3,319.0,37.0,28.6
542,24,15,3,172.0,74.0,18.3
543,24,17,3,222.0,83.0,16.1
544,24,7,3,338.0,7.0,15.6
545,24,8,3,25.0,11.0,14.2
546,24,1,3,0.0,0.0,0.0
547,24,24,3,40.0,38.0,0.0
548,24,5,5,113.0,11.0,0.0
549,24,12,5,56.0,4.0,0.0
550,24,136,2,0.0,0.0,29.0
551,24,136,2,0.0,0.0,29.0
552,25,9,1,343.0,4.0,17.7
553,25,16,1,292.0,23.0,33.1
554,25,20,1,105.0,11.0,13.3
555,25,21,1,167.0,40.0,18.8
556,25,23,1,316.0,10.0,17.3
557,25,25,1,113.0,24.0,16.8
558,25,26,1,292.0,52.0,30.1
559,25,29,1,61.0,56.0,23.0
560,25,31,1,215.0,52.0,21.7
561,25,2,1,35.0,6.0,0.0
562,25,27,1,0.0,0.0,0.0
563,25,18,3,222.0,29.0,14.2
564,25,16,3,319.0,37.0,28.0
565,25,15,3,172.0,74.0,18.3
566,25,17,3,222.0,83.0,16.1
567,25,7,3,338.0,7.0,15.6
568,25,8,3,25.0,11.0,14.2
569,25,1,3,0.0,0.0,0.0
570,25,24,3,40.0,38.0,0.0
571,25,5,5,113.0,11.0,0.0
572,25,12,5,56.0,4.0,0.0
573,25,136,2,0.0,0.0,29.0
574,25,136,2,0.0,0.0,29.0
575,26,16,1,292.0,23.0,35.1
576,26,20,1,105.0,11.0,16.0
577,26,21,1,167.0,40.0,18.8
578,26,23,1,316.0,10.0,17.3
579,26,25,1,113.0,24.0,16.8
580,26,26,1,292.0,52.0,31.2
581,26,29,1,61.0,56.0,20.6
582,26,31,1,215.0,52.0,18.3
583,26,2,1,35.0,6.0,0.0
584,26,9,1,343.0,4.0,0.0
585,26,27,1,0.0,0.0,0.0
586,26,18,3,222.0,29.0,14.2
587,26,16,3,319.0,37.0,28.9
588,26,15,3,172.0,74.0,18.3
589,26,17,3,222.0,83.0,13.2
590,26,7,3,338.0,7.0,15.6
591,26,8,3,25.0,11.0,14.7
592,26,1,3,0.0,0.0,0.0
593,26,24,3,40.0,38.0,0.0
594,26,5,5,113.0,11.0,0.0
595,26,12,5,56.0,4.0,0.0
596,26,136,2,0.0,0.0,29.0
597,26,136,2,0.0,0.0,29.0
598,27,16,1,292.0,23.0,34.3
599,27,20,1,105.0,11.0,16.0
600,27,21,1,167.0,40.0,18.5
601,27,23,1,316.0,10.0,17.3
602,27,25,1,113.0,24.0,16.8
603,27,26,1,292.0,52.0,29.5
604,27,29,1,61.0,56.0,22.7
605,27,31,1,215.0,52.0,23.0
606,27,2,1,35.0,6.0,0.0
607,27,9,1,343.0,4.0,0.0
608,27,27,1,0.0,0.0,0.0
609,27,18,3,222.0,29.0,14.2
610,27,16,3,319.0,37.0,29.8
611,27,15,3,172.0,74.0,16.6
612,27,17,3,222.0,83.0,13.2
613,27,7,3,338.0,7.0,15.6
614,27,8,3,25.0,11.0,14.7
615,27,1,3,0.0,0.0,0.0
616,27,24,3,40.0,38.0,0.0
617,27,5,5,113.0,11.0,0.0
618,27,12,5,56.0,4.0,0.0
619,27,136,2,0.0,0.0,29.0
620,27,136,2,0.0,0.0,29.0
621,28,16,1,292.0,23.0,33.8
622,28,20,1,105.0,11.0,16.0
623,28,21,1,167.0,40.0,20.6
624,28,23,1,316.0,10.0,17.3
625,28,25,1,113.0,24.0,16.8
626,28,26,1,292.0,52.0,30.2
627,28,29,1,61.0,56.0,19.3
628,28,31,1,215.0,52.0,22.3
629,28,2,1,35.0,6.0,0.0
630,28,9,1,343.0,4.0,0.0
631,28,27,1,0.0,0.0,0.0
632,28,18,3,222.0,29.0,15.0
633,28,16,3,319.0,37.0,29.7
634,28,15,3,172.0,74.0,18.2
635,28,24,3,40.0,38.0,13.4
636,28,17,3,222.0,83.0,13.2
637,28,7,3,338.0,7.0,15.4
638,28,8,3,25.0,11.0,14.7
639,28,1,3,0.0,0.0,0.0
640,28,5,5,113.0,11.0,0.0
641,28,12,5,56.0,4.0,0.0
642,28,136,2,0.0,0.0,29.0
643,28,136,2,0.0,0.0,29.0
644,29,16,1,292.0,23.0,32.9
645,29,20,1,105.0,11.0,16.0
646,29,21,1,167.0,40.0,19.1
647,29,23,1,316.0,10.0,17.3
648,29,25,1,113.0,24.0,14.1
649,29,26,1,292.0,52.0,29.7
650,29,29,1,61.0,56.0,21.3
651,29,31,1,215.0,52.0,21.1
652,29,2,1,35.0,6.0,0.0
653,29,9,1,343.0,4.0,0.0
654,29,27,1,0.0,0.0,0.0
655,29,18,3,222.0,29.0,20.4
656,29,16,3,319.0,37.0,30.0
657,29,15,3,172.0,74.0,19.0
658,29,24,3,40.0,38.0,13.1
659,29,17,3,222.0,83.0,13.2
660,29,7,3,338.0,7.0,15.4
661,29,8,3,25.0,11.0,14.7
662,29,1,3,0.0,0.0,0.0
663,29,5,5,113.0,11.0,0.0
664,29,12,5,56.0,4.0,0.0
665,29,136,2,0.0,0.0,29.0
666,29,136,2,0.0,0.0,29.0
667,30,9,1,343.0,4.0,19.9
668,30,16,1,292.0,23.0,31.4
669,30,20,1,105.0,11.0,16.0
670,30,21,1,167.0,40.0,20.7
671,30,23,1,316.0,10.0,17.3
672,30,25,1,113.0,24.0,22.0
673,30,26,1,292.0,52.0,30.1
674,30,29,1,61.0,56.0,22.6
675,30,31,1,215.0,52.0,22.5
676,30,2,1,35.0,6.0,0.0
677,30,27,1,0.0,0.0,0.0
678,30,18,3,222.0,29.0,20.3
679,30,16,3,319.0,37.0,29.6
680,30,15,3,172.0,74.0,19.0
681,30,24,3,40.0,38.0,12.7
682,30,17,3,222.0,83.0,13.2
683,30,7,3,338.0,7.0,17.7
684,30,8,3,25.0,11.0,14.7
685,30,1,3,0.0,0.0,0.0
686,30,5,5,113.0,11.0,0.0
687,30,12,5,56.0,4.0,0.0
688,30,136,2,0.0,0.0,29.0
689,30,136,2,0.0,0.0,29.0
690,31,9,1,343.0,4.0,19.5
691,31,16,1,292.0,23.0,31.1
692,31,20,1,105.0,11.0,16.0
693,31,21,1,167.0,40.0,22.4
694,31,23,1,316.0,10.0,17.3
695,31,25,1,113.0,24.0,18.8
696,31,26,1,292.0,52.0,29.9
697,31,29,1,61.0,56.0,20.1
698,31,31,1,215.0,52.0,23.6
699,31,2,1,35.0,6.0,0.0
700,31,27,1,0.0,0.0,0.0
701,31,18,3,222.0,29.0,19.2
702,31,16,3,319.0,37.0,29.3
703,31,15,3,172.0,74.0,16.8
704,31,24,3,40.0,38.0,12.1
705,31,17,3,222.0,83.0,13.2
706,31,7,3,338.0,7.0,17.7
707,31,8,3,25.0,11.0,14.7
708,31,1,3,0.0,0.0,0.0
709,31,5,5,113.0,11.0,0.0
710,31,12,5,56.0,4.0,0.0
711,31,136,2,0.0,0.0,29.0
712,31,136,2,0.0,0.0,29.0
713,32,9,1,343.0,4.0,19.3
714,32,16,1,292.0,23.0,31.9
715,32,20,1,105.0,11.0,16.0
716,32,21,1,167.0,40.0,21.8
717,32,23,1,316.0,10.0,17.3
718,32,25,1,113.0,24.0,18.8
719,32,26,1,292.0,52.0,30.9
720,32,29,1,61.0,56.0,18.7
721,32,31,1,215.0,52.0,24.0
722,32,2,1,35.0,6.0,0.0
723,32,27,1,0.0,0.0,0.0
724,32,18,3,222.0,29.0,19.4
725,32,16,3,319.0,37.0,29.5
726,32,15,3,172.0,74.0,16.8
727,32,24,3,40.0,38.0,12.5
728,32,17,3,222.0,83.0,13.2
729,32,7,3,338.0,7.0,17.7
730,32,8,3,25.0,11.0,14.7
731,32,1,3,0.0,0.0,0.0
732,32,5,5,113.0,11.0,0.0
733,32,12,5,56.0,4.0,0.0
734,32,136,2,0.0,0.0,29.0
735,32,136,2,0.0,0.0,29.0
736,33,9,1,343.0,4.0,19.1
737,33,16,1,292.0,23.0,31.7
738,33,20,1,105.0,11.0,16.0
739,33,21,1,167.0,40.0,19.2
740,33,23,1,316.0,10.0,17.3
741,33,25,1,113.0,24.0,17.8
742,33,26,1,292.0,52.0,30.8
743,33,29,1,61.0,56.0,22.0
744,33,31,1,215.0,52.0,24.8
745,33,2,1,35.0,6.0,0.0
746,33,27,1,0.0,0.0,0.0
747,33,18,3,222.0,29.0,18.3
748,33,16,3,319.0,37.0,29.3
749,33,15,3,172.0,74.0,17.5
750,33,24,3,40.0,38.0,12.2
751,33,17,3,222.0,83.0,13.2
752,33,7,3,338.0,7.0,15.7
753,33,8,3,25.0,11.0,14.7
754,33,1,3,0.0,0.0,0.0
755,33,5,5,113.0,11.0,0.0
756,33,12,5,56.0,4.0,0.0
757,33,136,2,0.0,0.0,29.0
758,33,136,2,0.0,0.0,29.0
759,34,5,1,60.0,13.0,16.2
760,34,9,1,343.0,4.0,19.1
761,34,16,1,292.0,23.0,30.9
762,34,20,1,105.0,11.0,16.0
763,34,21,1,167.0,40.0,20.0
764,34,23,1,316.0,10.0,17.3
765,34,25,1,113.0,24.0,17.8
766,34,26,1,292.0,52.0,30.6
767,34,29,1,61.0,56.0,22.1
768,34,31,1,215.0,52.0,24.1
769,34,2,1,35.0,6.0,0.0
770,34,27,1,0.0,0.0,0.0
771,34,18,3,222.0,29.0,18.3
772,34,16,3,319.0,37.0,30.1
773,34,15,3,172.0,74.0,19.9
774,34,24,3,40.0,38.0,12.2
775,34,17,3,222.0,83.0,13.2
776,34,7,3,338.0,7.0,15.7
777,34,8,3,25.0,11.0,14.7
778,34,1,3,0.0,0.0,0.0
779,34,5,5,113.0,11.0,0.0
780,34,12,5,56.0,4.0,0.0
781,34,136,2,0.0,0.0,29.0
782,34,136,2,0.0,0.0,30.9
783,35,5,1,60.0,13.0,15.8
784,35,9,1,343.0,4.0,18.7
785,35,16,1,292.0,23.0,31.2
786,35,20,1,105.0,11.0,16.0
787,35,21,1,167.0,40.0,22.2
788,35,23,1,316.0,10.0,17.3
789,35,25,1,113.0,24.0,17.8
790,35,26,1,292.0,52.0,31.3
791,35,29,1,61.0,56.0,22.1
792,35,31,1,215.0,52.0,21.7
793,35,2,1,35.0,6.0,0.0
794,35,27,1,0.0,0.0,0.0
795,35,18,3,222.0,29.0,18.3
796,35,16,3,319.0,37.0,30.1
797,35,15,3,172.0,74.0,18.8
798,35,24,3,40.0,38.0,12.2
799,35,17,3,222.0,83.0,12.4
800,35,7,3,338.0,7.0,15.7
801,35,8,3,25.0,11.0,14.7
802,35,1,3,0.0,0.0,0.0
803,35,5,5,113.0,11.0,0.0
804,35,12,5,56.0,4.0,0.0
805,35,136,2,0.0,0.0,29.0
806,35,136,2,0.0,0.0,30.9
807,36,5,1,60.0,13.0,15.8
808,36,9,1,343.0,4.0,19.6
809,36,16,1,292.0,23.0,31.2
810,36,20,1,105.0,11.0,16.0
811,36,21,1,167.0,40.0,21.1
812,36,23,1,316.0,10.0,17.3
813,36,25,1,113.0,24.0,16.0
814,36,26,1,292.0,52.0,30.3
815,36,29,1,61.0,56.0,22.9
816,36,31,1,215.0,52.0,21.4
817,36,2,1,35.0,6.0,0.0
818,36,27,1,0.0,0.0,0.0
819,36,18,3,222.0,29.0,18.3
820,36,16,3,319.0,37.0,29.6
821,36,15,3,172.0,74.0,19.6
822,36,24,3,40.0,38.0,12.2
823,36,17,3,222.0,83.0,12.4
824,36,7,3,338.0,7.0,15.1
825,36,8,3,25.0,11.0,14.7
826,36,1,3,0.0,0.0,0.0
827,36,5,5,113.0,11.0,0.0
828,36,12,5,56.0,4.0,0.0
829,36,136,2,0.0,0.0,29.0
830,36,136,2,0.0,0.0,30.9
831,37,5,1,60.0,13.0,15.8
832,37,9,1,343.0,4.0,19.6
833,37,16,1,292.0,23.0,31.3
834,37,20,1,105.0,11.0,16.0
835,37,21,1,167.0,40.0,20.9
836,37,23,1,316.0,10.0,17.3
837,37,25,1,113.0,24.0,20.1
838,37,26,1,292.0,52.0,30.7
839,37,29,1,61.0,56.0,21.6
840,37,31,1,215.0,52.0,21.4
841,37,2,1,35.0,6.0,0.0
842,37,27,1,0.0,0.0,0.0
843,37,18,3,222.0,29.0,14.2
844,37,16,3,319.0,37.0,29.3
845,37,15,3,172.0,74.0,19.6
846,37,24,3,40.0,38.0,12.2
847,37,17,3,222.0,83.0,12.4
848,37,7,3,338.0,7.0,15.1
849,37,8,3,25.0,11.0,14.7
850,37,1,3,0.0,0.0,0.0
851,37,5,5,113.0,11.0,0.0
852,37,12,5,56.0,4.0,0.0
853,37,136,2,0.0,0.0,29.0
854,37,136,2,0.0,0.0,30.9
855,38,5,1,60.0,13.0,15.8
856,38,9,1,343.0,4.0,19.6
857,38,16,1,292.0,23.0,30.7
858,38,20,1,105.0,11.0,11.9
859,38,21,1,167.0,40.0,23.4
860,38,23,1,316.0,10.0,17.3
861,38,25,1,113.0,24.0,20.7
862,38,26,1,292.0,52.0,29.6
863,38,29,1,61.0,56.0,21.7
864,38,31,1,215.0,52.0,17.8
865,38,2,1,35.0,6.0,0.0
866,38,27,1,0.0,0.0,0.0
867,38,18,3,222.0,29.0,14.2
868,38,16,3,319.0,37.0,28.2
869,38,15,3,172.0,74.0,19.6
870,38,24,3,40.0,38.0,12.2
871,38,17,3,222.0,83.0,12.4
872,38,7,3,338.0,7.0,15.1
873,38,8,3,25.0,11.0,14.7
874,38,1,3,0.0,0.0,0.0
875,38,5,5,113.0,11.0,0.0
876,38,12,5,56.0,4.0,0.0
877,38,136,2,0.0,0.0,29.0
878,38,136,2,0.0,0.0,30.9
879,39,5,1,60.0,13.0,15.8
880,39,16,1,292.0,23.0,31.3
881,39,20,1,105.0,11.0,11.9
882,39,21,1,167.0,40.0,22.8
883,39,23,1,316.0,10.0,17.3
884,39,25,1,113.0,24.0,18.6
885,39,26,1,292.0,52.0,29.5
886,39,29,1,61.0,56.0,22.7
887,39,31,1,215.0,52.0,19.0
888,39,2,1,35.0,6.0,0.0
889,39,9,1,343.0,4.0,0.0
890,39,27,1,0.0,0.0,0.0
891,39,18,3,222.0,29.0,14.2
892,39,16,3,319.0,37.0,29.5
893,39,15,3,172.0,74.0,19.6
894,39,24,3,40.0,38.0,12.2
895,39,17,3,222.0,83.0,12.4
896,39,7,3,338.0,7.0,15.2
897,39,8,3,25.0,11.0,14.7
898,39,1,3,0.0,0.0,0.0
899,39,5,5,113.0,11.0,0.0
900,39,12,5,56.0,4.0,0.0
901,39,136,2,0.0,0.0,29.0
902,39,136,2,0.0,0.0,30.9
903,40,16,1,292.0,23.0,31.9
904,40,20,1,105.0,11.0,11.9
905,40,21,1,167.0,40.0,22.0
906,40,23,1,316.0,10.0,17.3
907,40,25,1,113.0,24.0,18.6
908,40,26,1,292.0,52.0,28.0
909,40,29,1,61.0,56.0,22.7
910,40,31,1,215.0,52.0,22.2
911,40,2,1,35.0,6.0,0.0
912,40,5,1,60.0,13.0,0.0
913,40,9,1,343.0,4.0,0.0
914,40,27,1,0.0,0.0,0.0
915,40,18,3,222.0,29.0,14.2
916,40,16,3,319.0,37.0,28.4
917,40,15,3,172.0,74.0,14.8
918,40,24,3,40.0,38.0,12.2
919,40,17,3,222.0,83.0,13.9
920,40,7,3,338.0,7.0,15.2
921,40,8,3,25.0,11.0,14.7
922,40,1,3,0.0,0.0,0.0
923,40,5,5,113.0,11.0,0.0
924,40,12,5,56.0,4.0,0.0
925,40,136,2,0.0,0.0,29.0
926,40,136,2,0.0,0.0,30.9
927,41,16,1,292.0,23.0,32.7
928,41,20,1,105.0,11.0,11.9
929,41,21,1,167.0,40.0,22.8
930,41,23,1,316.0,10.0,17.3
931,41,25,1,113.0,24.0,18.1
932,41,26,1,292.0,52.0,28.0
933,41,29,1,61.0,56.0,21.2
934,41,31,1,215.0,52.0,22.3
935,41,2,1,35.0,6.0,0.0
936,41,5,1,60.0,13.0,0.0
937,41,9,1,343.0,4.0,0.0
938,41,27,1,0.0,0.0,0.0
939,41,18,3,222.0,29.0,14.2
940,41,16,3,319.0,37.0,29.5
941,41,15,3,172.0,74.0,14.8
942,41,24,3,40.0,38.0,12.2
943,41,17,3,222.0,83.0,13.9
944,41,7,3,338.0,7.0,15.2
945,41,8,3,25.0,11.0,14.7
946,41,1,3,0.0,0.0,0.0
947,41,5,5,113.0,11.0,0.0
948,41,12,5,56.0,4.0,0.0
949,41,136,2,0.0,0.0,29.0
950,41,136,2,0.0,0.0,30.9
951,42,9,1,343.0,4.0,17.2
952,42,16,1,292.0,23.0,29.2
953,42,20,1,105.0,11.0,11.9
954,42,21,1,167.0,40.0,25.1
955,42,23,1,316.0,10.0,17.3
956,42,25,1,113.0,24.0,18.1
957,42,26,1,292.0,52.0,30.7
958,42,29,1,61.0,56.0,21.2
959,42,31,1,215.0,52.0,17.9
960,42,2,1,35.0,6.0,0.0
961,42,5,1,60.0,13.0,0.0
962,42,27,1,0.0,0.0,0.0
963,42,18,3,222.0,29.0,14.1
964,42,16,3,319.0,37.0,27.2
965,42,15,3,172.0,74.0,14.8
966,42,24,3,40.0,38.0,12.2
967,42,17,3,222.0,83.0,13.9
968,42,7,3,338.0,7.0,15.2
969,42,8,3,25.0,11.0,14.7
970,42,1,3,0.0,0.0,0.0
971,42,5,5,113.0,11.0,0.0
972,42,12,5,56.0,4.0,0.0
973,42,136,2,0.0,0.0,29.0
974,42,136,2,0.0,0.0,30.9
975,43,5,1,60.0,13.0,17.2
976,43,9,1,343.0,4.0,17.1
977,43,16,1,292.0,23.0,29.0
978,43,20,1,105.0,11.0,11.9
979,43,21,1,167.0,40.0,25.7
980,43,23,1,316.0,10.0,17.3
981,43,25,1,113.0,24.0,17.0
982,43,26,1,292.0,52.0,29.6
983,43,29,1,61.0,56.0,20.7
984,43,31,1,215.0,52.0,22.8
985,43,2,1,35.0,6.0,0.0
986,43,27,1,0.0,0.0,0.0
987,43,18,3,222.0,29.0,14.1
988,43,16,3,319.0,37.0,27.6
989,43,15,3,172.0,74.0,14.8
990,43,24,3,40.0,38.0,12.2
991,43,17,3,222.0,83.0,13.9
992,43,7,3,338.0,7.0,15.2
993,43,8,3,25.0,11.0,13.9
994,43,1,3,0.0,0.0,0.0
995,43,5,5,113.0,11.0,0.0
996,43,12,5,56.0,4.0,0.0
997,43,136,2,0.0,0.0,29.0
998,43,136,2,0.0,0.0,30.9
999,44,5,1,60.0,13.0,16.4
1000,44,16,1,292.0,23.0,34.7
1001,44,20,1,105.0,11.0,13.8
1002,44,21,1,167.0,40.0,19.1
1003,44,23,1,316.0,10.0,17.3
1004,44,25,1,113.0,24.0,17.0
1005,44,26,1,292.0,52.0,31.6
1006,44,29,1,61.0,56.0,20.7
1007,44,31,1,215.0,52.0,19.9
1008,44,2,1,35.0,6.0,0.0
1009,44,9,1,343.0,4.0,0.0
1010,44,27,1,0.0,0.0,0.0
1011,44,18,3,222.0,29.0,14.1
1012,44,16,3,319.0,37.0,22.7
1013,44,15,3,172.0,74.0,14.8
1014,44,24,3,40.0,38.0,12.2
1015,44,17,3,222.0,83.0,13.9
1016,44,7,3,338.0,7.0,15.2
1017,44,8,3,25.0,11.0,13.9
1018,44,1,3,0.0,0.0,0.0
1019,44,5,5,113.0,11.0,0.0
1020,44,12,5,56.0,4.0,0.0
1021,44,136,2,0.0,0.0,29.0
1022,44,136,2,0.0,0.0,30.9
1023,45,5,1,60.0,13.0,16.0
1024,45,16,1,292.0,23.0,28.3
1025,45,20,1,105.0,11.0,13.8
1026,45,21,1,167.0,40.0,18.2
1027,45,23,1,316.0,10.0,17.3
1028,45,25,1,113.0,24.0,18.2
1029,45,26,1,292.0,52.0,23.3
1030,45,29,1,61.0,56.0,17.3
1031,45,31,1,215.0,52.0,19.9
1032,45,2,1,35.0,6.0,0.0
1033,45,9,1,343.0,4.0,0.0
1034,45,27,1,0.0,0.0,0.0
1035,45,18,3,222.0,29.0,14.1
1036,45,16,3,319.0,37.0,23.0
1037,45,15,3,172.0,74.0,14.8
1038,45,24,3,40.0,38.0,12.2
1039,45,17,3,222.0,83.0,13.8
1040,45,7,3,338.0,7.0,15.2
1041,45,8,3,25.0,11.0,13.9
1042,45,1,3,0.0,0.0,0.0
1043,45,5,5,113.0,11.0,0.0
1044,45,12,5,56.0,4.0,0.0
1045,45,136,2,0.0,0.0,29.0
1046,45,136,2,0.0,0.0,30.9
1047,46,16,1,292.0,23.0,20.1
1048,46,20,1,105.0,11.0,13.8
1049,46,21,1,167.0,40.0,22.1
1050,46,23,1,316.0,10.0,17.3
1051,46,25,1,113.0,24.0,21.5
1052,46,26,1,292.0,52.0,22.8
1053,46,29,1,61.0,56.0,17.3
1054,46,31,1,215.0,52.0,19.9
1055,46,2,1,35.0,6.0,0.0
1056,46,5,1,60.0,13.0,0.0
1057,46,9,1,343.0,4.0,0.0
1058,46,27,1,0.0,0.0,0.0
1059,46,18,3,222.0,29.0,14.1
1060,46,16,3,319.0,37.0,23.0
1061,46,15,3,172.0,74.0,14.8
1062,46,24,3,40.0,38.0,12.2
1063,46,17,3,222.0,83.0,13.8
1064,46,7,3,338.0,7.0,15.2
1065,46,8,3,25.0,11.0,14.9
1066,46,1,3,0.0,0.0,0.0
1067,46,5,5,113.0,11.0,0.0
1068,46,12,5,56.0,4.0,0.0
1069,46,136,2,0.0,0.0,29.0
1070,46,136,2,0.0,0.0,30.9
1071,47,16,1,292.0,23.0,24.6
1072,47,20,1,105.0,11.0,13.8
1073,47,21,1,167.0,40.0,22.1
1074,47,25,1,113.0,24.0,21.5
1075,47,26,1,292.0,52.0,22.8
1076,47,29,1,61.0,56.0,17.0
1077,47,31,1,215.0,52.0,19.9
1078,47,2,1,35.0,6.0,0.0
1079,47,5,1,60.0,13.0,0.0
1080,47,9,1,343.0,4.0,0.0
1081,47,23,1,316.0,10.0,0.0
1082,47,27,1,0.0,0.0,0.0
1083,47,18,3,222.0,29.0,13.7
1084,47,16,3,319.0,37.0,17.5
1085,47,15,3,172.0,74.0,14.8
1086,47,24,3,40.0,38.0,12.2
1087,47,17,3,222.0,83.0,16.7
1088,47,7,3,338.0,7.0,15.2
1089,47,8,3,25.0,11.0,14.9
1090,47,1,3,0.0,0.0,0.0
1091,47,5,5,113.0,11.0,0.0
1092,47,12,5,56.0,4.0,0.0
1093,47,136,2,0.0,0.0,29.0
1094,47,136,2,0.0,0.0,30.9
1095,48,5,1,56.0,14.0,0.0
1096,48,9,1,338.0,5.0,0.0
1097,48,16,1,293.0,28.0,0.0
1098,48,20,1,101.0,14.0,0.0
1099,48,21,1,165.0,45.0,0.0
1100,48,23,1,312.0,9.0,0.0
1101,48,25,1,116.0,20.0,0.0
1102,48,26,1,293.0,57.0,0.0
1103,48,27,1,247.0,4.0,0.0
1104,48,29,1,63.0,52.0,0.0
1105,48,31,1,210.0,48.0,0.0
1106,48,18,3,224.0,35.0,0.0
1107,48,16,3,317.0,42.0,0.0
1108,48,1,3,64.0,4.0,0.0
1109,48,24,3,42.0,33.0,0.0
1110,48,17,3,324.0,87.0,0.0
1111,48,7,3,334.0,5.0,0.0
1112,48,8,3,21.0,12.0,0.0
1113,48,5,5,113.0,11.0,0.0
1114,48,12,5,57.0,1.0,0.0
1115,48,136,2,0.0,0.0,29.0
1116,48,12,5,56.0,4.0,0.0
1117,49,5,1,56.0,14.0,0.0
1118,49,9,1,338.0,5.0,0.0
1119,49,16,1,293.0,28.0,0.0
1120,49,20,1,101.0,14.0,0.0
1121,49,21,1,165.0,45.0,0.0
1122,49,23,1,312.0,9.0,0.0
1123,49,25,1,116.0,20.0,0.0
1124,49,26,1,293.0,57.0,0.0
1125,49,27,1,247.0,4.0,0.0
1126,49,29,1,63.0,52.0,0.0
1127,49,31,1,210.0,48.0,0.0
1128,49,18,3,224.0,35.0,0.0
1129,49,16,3,317.0,42.0,0.0
1130,49,1,3,64.0,4.0,0.0
1131,49,24,3,42.0,33.0,0.0
1132,49,17,3,324.0,87.0,0.0
1133,49,7,3,334.0,5.0,0.0
1134,49,8,3,21.0,12.0,0.0
1135,49,5,5,113.0,11.0,0.0
1136,49,12,5,57.0,1.0,0.0
1137,49,136,2,0.0,0.0,29.0
1138,49,12,5,56.0,4.0,0.0
1139,50,2,1,35.0,2.0,0.0
1140,50,5,1,56.0,14.0,0.0
1141,50,9,1,338.0,5.0,0.0
1142,50,16,1,293.0,28.0,0.0
1143,50,20,1,101.0,14.0,0.0
1144,50,21,1,165.0,45.0,0.0
1145,50,23,1,312.0,9.0,0.0
1146,50,25,1,116.0,20.0,0.0
1147,50,26,1,293.0,57.0,0.0
1148,50,27,1,247.0,4.0,0.0
1149,50,31,1,210.0,48.0,0.0
1150,50,18,3,224.0,35.0,0.0
1151,50,16,3,317.0,42.0,0.0
1152,50,1,3,64.0,4.0,0.0
1153,50,24,3,42.0,33.0,0.0
1154,50,17,3,324.0,87.0,0.0
1155,50,7,3,334.0,5.0,0.0
1156,50,8,3,21.0,12.0,0.0
1157,50,5,5,113.0,11.0,0.0
1158,50,12,5,57.0,1.0,0.0
1159,50,136,2,0.0,0.0,29.0
1160,50,12,5,56.0,4.0,0.0
1161,51,2,1,35.0,2.0,0.0
1162,51,5,1,56.0,14.0,0.0
1163,51,9,1,338.0,5.0,0.0
1164,51,16,1,293.0,28.0,0.0
1165,51,20,1,101.0,14.0,0.0
1166,51,21,1,165.0,45.0,0.0
1167,51,23,1,312.0,9.0,0.0
1168,51,25,1,116.0,20.0,0.0
1169,51,26,1,293.0,57.0,0.0
1170,51,27,1,247.0,4.0,0.0
1171,51,31,1,210.0,48.0,0.0
1172,51,18,3,224.0,35.0,0.0
1173,51,16,3,317.0,42.0,0.0
1174,51,1,3,64.0,4.0,0.0
1175,51,24,3,42.0,33.0,0.0
1176,51,17,3,324.0,87.0,0.0
1177,51,7,3,334.0,5.0,0.0
1178,51,8,3,21.0,12.0,0.0
1179,51,5,5,113.0,11.0,0.0
1180,51,12,5,57.0,1.0,0.0
1181,51,136,2,0.0,0.0,29.0
1182,51,12,5,56.0,4.0,0.0
1183,52,2,1,35.0,2.0,0.0
1184,52,5,1,56.0,14.0,0.0
1185,52,9,1,338.0,5.0,0.0
1186,52,16,1,293.0,28.0,0.0
1187,52,20,1,101.0,14.0,0.0
1188,52,21,1,165.0,45.0,0.0
1189,52,23,1,312.0,9.0,0.0
1190,52,25,1,116.0,20.0,0.0
1191,52,26,1,293.0,57.0,0.0
1192,52,27,1,247.0,4.0,0.0
1193,52,31,1,210.0,48.0,0.0
1194,52,18,3,224.0,35.0,0.0
1195,52,16,3,317.0,42.0,0.0
1196,52,1,3,64.0,4.0,0.0
1197,52,24,3,42.0,33.0,0.0
1198,52,17,3,324.0,87.0,0.0
1199,52,7,3,334.0,5.0,0.0
1200,52,8,3,21.0,12.0,0.0
1201,52,5,5,113.0,11.0,0.0
1202,52,12,5,57.0,1.0,0.0
1203,52,136,2,0.0,0.0,29.0
1204,52,12,5,56.0,4.0,0.0
1205,53,2,1,35.0,2.0,0.0
1206,53,5,1,56.0,14.0,0.0
1207,53,9,1,338.0,5.0,0.0
1208,53,16,1,293.0,28.0,0.0
1209,53,20,1,101.0,14.0,0.0
1210,53,21,1,165.0,45.0,0.0
1211,53,23,1,312.0,9.0,0.0
1212,53,25,1,116.0,20.0,0.0
1213,53,26,1,293.0,57.0,0.0
1214,53,27,1,247.0,4.0,0.0
1215,53,31,1,210.0,48.0,0.0
1216,53,18,3,224.0,35.0,22.3
1217,53,16,3,317.0,42.0,0.0
1218,53,1,3,64.0,4.0,0.0
1219,53,24,3,42.0,33.0,0.0
1220,53,17,3,324.0,87.0,0.0
1221,53,7,3,334.0,5.0,0.0
1222,53,8,3,21.0,12.0,0.0
1223,53,5,5,113.0,11.0,0.0
1224,53,12,5,57.0,1.0,0.0
1225,53,136,2,0.0,0.0,29.0
1226,53,12,5,56.0,4.0,0.0
1227,54,2,1,35.0,2.0,0.0
1228,54,5,1,56.0,14.0,0.0
1229,54,9,1,338.0,5.0,0.0
1230,54,16,1,293.0,28.0,0.0
1231,54,20,1,101.0,14.0,0.0
1232,54,21,1,165.0,45.0,0.0
1233,54,23,1,312.0,9.0,0.0
1234,54,25,1,116.0,20.0,0.0
1235,54,26,1,293.0,57.0,0.0
1236,54,27,1,247.0,4.0,0.0
1237,54,31,1,210.0,48.0,0.0
1238,54,18,3,224.0,35.0,21.7
1239,54,16,3,317.0,42.0,0.0
1240,54,1,3,64.0,4.0,0.0
1241,54,24,3,42.0,33.0,0.0
1242,54,17,3,324.0,87.0,0.0
1243,54,7,3,334.0,5.0,0.0
1244,54,8,3,21.0,12.0,0.0
1245,54,5,5,113.0,11.0,0.0
1246,54,12,5,57.0,1.0,0.0
1247,54,136,2,0.0,0.0,29.0
1248,54,12,5,56.0,4.0,0.0
1249,55,29,1,63.0,52.0,18.4
1250,55,2,1,35.0,2.0,0.0
1251,55,5,1,56.0,14.0,0.0
1252,55,9,1,338.0,5.0,0.0
1253,55,16,1,293.0,28.0,0.0
1254,55,20,1,101.0,14.0,0.0
1255,55,23,1,312.0,9.0,0.0
1256,55,25,1,116.0,20.0,0.0
1257,55,26,1,293.0,57.0,0.0
1258,55,27,1,247.0,4.0,0.0
1259,55,31,1,210.0,48.0,0.0
1260,55,18,3,224.0,35.0,21.4
1261,55,16,3,317.0,42.0,0.0
1262,55,1,3,64.0,4.0,0.0
1263,55,24,3,42.0,33.0,0.0
1264,55,17,3,324.0,87.0,0.0
1265,55,7,3,334.0,5.0,0.0
1266,55,8,3,21.0,12.0,0.0
1267,55,5,5,113.0,11.0,0.0
1268,55,12,5,57.0,1.0,0.0
1269,55,136,2,0.0,0.0,29.0
1270,55,12,5,56.0,4.0,0.0
1271,56,29,1,63.0,52.0,18.7
1272,56,2,1,35.0,2.0,0.0
1273,56,5,1,56.0,14.0,0.0
1274,56,9,1,338.0,5.0,0.0
1275,56,16,1,293.0,28.0,0.0
1276,56,20,1,101.0,14.0,0.0
1277,56,23,1,312.0,9.0,0.0
1278,56,25,1,116.0,20.0,0.0
1279,56,26,1,293.0,57.0,0.0
1280,56,27,1,247.0,4.0,0.0
1281,56,31,1,210.0,48.0,0.0
1282,56,18,3,224.0,35.0,22.9
1283,56,16,3,317.0,42.0,0.0
1284,56,1,3,64.0,4.0,0.0
1285,56,24,3,42.0,33.0,0.0
1286,56,17,3,324.0,87.0,0.0
1287,56,7,3,334.0,5.0,0.0
1288,56,8,3,21.0,12.0,0.0
1289,56,5,5,113.0,11.0,0.0
1290,56,12,5,57.0,1.0,0.0
1291,56,136,2,0.0,0.0,29.0
1292,56,12,5,56.0,4.0,0.0
1293,57,29,1,63.0,52.0,23.6
1294,57,31,1,210.0,48.0,23.2
1295,57,2,1,35.0,2.0,0.0
1296,57,5,1,56.0,14.0,0.0
1297,57,9,1,338.0,5.0,0.0
1298,57,16,1,293.0,28.0,0.0
1299,57,20,1,101.0,14.0,0.0
1300,57,23,1,312.0,9.0,0.0
1301,57,25,1,116.0,20.0,0.0
1302,57,26,1,293.0,57.0,0.0
1303,57,27,1,247.0,4.0,0.0
1304,57,18,3,224.0,35.0,22.9
1305,57,16,3,317.0,42.0,0.0
1306,57,1,3,64.0,4.0,0.0
1307,57,24,3,42.0,33.0,0.0
1308,57,17,3,324.0,87.0,0.0
1309,57,7,3,334.0,5.0,0.0
1310,57,8,3,21.0,12.0,0.0
1311,57,5,5,113.0,11.0,0.0
1312,57,12,5,57.0,1.0,0.0
1313,57,136,2,0.0,0.0,29.0
1314,57,12,5,56.0,4.0,0.0
1315,58,29,1,63.0,52.0,22.1
1316,58,31,1,210.0,48.0,21.1
1317,58,2,1,35.0,2.0,0.0
1318,58,5,1,56.0,14.0,0.0
1319,58,9,1,338.0,5.0,0.0
1320,58,16,1,293.0,28.0,0.0
1321,58,20,1,101.0,14.0,0.0
1322,58,23,1,312.0,9.0,0.0
1323,58,25,1,116.0,20.0,0.0
1324,58,26,1,293.0,57.0,0.0
1325,58,27,1,247.0,4.0,0.0
1326,58,18,3,224.0,35.0,26.9
1327,58,16,3,317.0,42.0,0.0
1328,58,1,3,64.0,4.0,0.0
1329,58,24,3,42.0,33.0,0.0
1330,58,17,3,324.0,87.0,0.0
1331,58,7,3,334.0,5.0,0.0
1332,58,8,3,21.0,12.0,0.0
1333,58,5,5,113.0,11.0,0.0
1334,58,12,5,57.0,1.0,0.0
1335,58,136,2,0.0,0.0,29.0
1336,58,12,5,56.0,4.0,0.0
1337,59,29,1,63.0,52.0,18.8
1338,59,31,1,210.0,48.0,27.1
1339,59,2,1,35.0,2.0,0.0
1340,59,5,1,56.0,14.0,0.0
1341,59,9,1,338.0,5.0,0.0
1342,59,16,1,293.0,28.0,0.0
1343,59,20,1,101.0,14.0,0.0
1344,59,23,1,312.0,9.0,0.0
1345,59,25,1,116.0,20.0,0.0
1346,59,26,1,293.0,57.0,0.0
1347,59,27,1,247.0,4.0,0.0
1348,59,18,3,224.0,35.0,19.5
1349,59,16,3,317.0,42.0,0.0
1350,59,1,3,64.0,4.0,0.0
1351,59,24,3,42.0,33.0,0.0
1352,59,17,3,324.0,87.0,0.0
1353,59,7,3,334.0,5.0,0.0
1354,59,8,3,21.0,12.0,0.0
1355,59,5,5,113.0,11.0,0.0
1356,59,12,5,57.0,1.0,0.0
1357,59,136,2,0.0,0.0,29.0
1358,59,12,5,56.0,4.0,0.0
1359,60,26,1,293.0,57.0,25.9
1360,60,29,1,63.0,52.0,22.7
1361,60,31,1,210.0,48.0,27.3
1362,60,2,1,35.0,2.0,0.0
1363,60,5,1,56.0,14.0,0.0
1364,60,9,1,338.0,5.0,0.0
1365,60,16,1,293.0,28.0,0.0
1366,60,20,1,101.0,14.0,0.0
1367,60,23,1,312.0,9.0,0.0
1368,60,25,1,116.0,20.0,0.0
1369,60,27,1,247.0,4.0,0.0
1370,60,18,3,224.0,35.0,18.1
1371,60,16,3,317.0,42.0,0.0
1372,60,1,3,64.0,4.0,0.0
1373,60,24,3,42.0,33.0,0.0
1374,60,17,3,324.0,87.0,0.0
1375,60,7,3,334.0,5.0,0.0
1376,60,8,3,21.0,12.0,0.0
1377,60,5,5,113.0,11.0,0.0
1378,60,12,5,57.0,1.0,0.0
1379,60,136,2,0.0,0.0,29.0
1380,60,12,5,56.0,4.0,0.0
1381,61,26,1,293.0,57.0,25.9
1382,61,29,1,63.0,52.0,17.9
1383,61,31,1,210.0,48.0,26.7
1384,61,2,1,35.0,2.0,0.0
1385,61,5,1,56.0,14.0,0.0
1386,61,9,1,338.0,5.0,0.0
1387,61,16,1,293.0,28.0,0.0
1388,61,20,1,101.0,14.0,0.0
1389,61,23,1,312.0,9.0,0.0
1390,61,25,1,116.0,20.0,0.0
1391,61,27,1,247.0,4.0,0.0
1392,61,18,3,224.0,35.0,22.5
1393,61,16,3,317.0,42.0,0.0
1394,61,1,3,64.0,4.0,0.0
1395,61,24,3,42.0,33.0,0.0
1396,61,17,3,324.0,87.0,0.0
1397,61,7,3,334.0,5.0,0.0
1398,61,8,3,21.0,12.0,0.0
1399,61,5,5,113.0,11.0,0.0
1400,61,12,5,57.0,1.0,0.0
1401,61,136,2,0.0,0.0,29.0
1402,61,12,5,56.0,4.0,0.0
1403,62,26,1,293.0,57.0,25.9
1404,62,29,1,63.0,52.0,20.0
1405,62,31,1,210.0,48.0,28.1
1406,62,2,1,35.0,2.0,0.0
1407,62,5,1,56.0,14.0,0.0
1408,62,9,1,338.0,5.0,0.0
1409,62,16,1,293.0,28.0,0.0
1410,62,20,1,101.0,14.0,0.0
1411,62,23,1,312.0,9.0,0.0
1412,62,25,1,116.0,20.0,0.0
1413,62,27,1,247.0,4.0,0.0
1414,62,18,3,224.0,35.0,21.3
1415,62,16,3,317.0,42.0,0.0
1416,62,1,3,64.0,4.0,0.0
1417,62,24,3,42.0,33.0,0.0
1418,62,17,3,324.0,87.0,0.0
1419,62,7,3,334.0,5.0,0.0
1420,62,8,3,21.0,12.0,0.0
1421,62,5,5,113.0,11.0,0.0
1422,62,12,5,57.0,1.0,0.0
1423,62,136,2,0.0,0.0,29.0
1424,62,12,5,56.0,4.0,0.0
1425,63,26,1,293.0,57.0,16.1
1426,63,29,1,63.0,51.0,21.0
1427,63,31,1,210.0,48.0,27.4
1428,63,2,1,35.0,2.0,0.0
1429,63,5,1,56.0,14.0,0.0
1430,63,9,1,338.0,5.0,0.0
1431,63,16,1,293.0,28.0,0.0
1432,63,20,1,101.0,14.0,0.0
1433,63,23,1,312.0,9.0,0.0
1434,63,25,1,116.0,20.0,0.0
1435,63,27,1,247.0,4.0,0.0
1436,63,18,3,226.0,35.0,19.4
1437,63,8,3,21.0,12.0,20.3
1438,63,16,3,317.0,42.0,0.0
1439,63,1,3,64.0,4.0,0.0
1440,63,24,3,42.0,33.0,0.0
1441,63,17,3,329.0,87.0,0.0
1442,63,7,3,333.0,5.0,0.0
1443,63,5,5,113.0,11.0,0.0
1444,63,12,5,57.0,1.0,0.0
1445,63,136,2,0.0,0.0,29.0
1446,63,12,5,56.0,4.0,0.0
1447,64,21,1,165.0,45.0,19.3
1448,64,26,1,293.0,57.0,22.8
1449,64,29,1,63.0,51.0,21.0
1450,64,31,1,210.0,48.0,26.1
1451,64,2,1,35.0,2.0,0.0
1452,64,9,1,338.0,5.0,0.0
1453,64,16,1,293.0,28.0,0.0
1454,64,20,1,101.0,14.0,0.0
1455,64,23,1,312.0,9.0,0.0
1456,64,25,1,116.0,20.0,0.0
1457,64,27,1,247.0,4.0,0.0
1458,64,18,3,226.0,35.0,20.2
1459,64,8,3,21.0,12.0,19.2
1460,64,16,3,317.0,42.0,0.0
1461,64,1,3,64.0,4.0,0.0
1462,64,24,3,42.0,33.0,0.0
1463,64,17,3,329.0,87.0,0.0
1464,64,7,3,333.0,5.0,0.0
1465,64,5,5,113.0,11.0,0.0
1466,64,12,5,57.0,1.0,0.0
1467,64,136,2,0.0,0.0,29.0
1468,64,12,5,56.0,4.0,0.0
1469,65,16,1,293.0,28.0,19.0
1470,65,21,1,165.0,45.0,19.3
1471,65,25,1,116.0,20.0,17.5
1472,65,26,1,293.0,57.0,22.8
1473,65,29,1,63.0,51.0,21.0
1474,65,31,1,210.0,48.0,27.2
1475,65,2,1,35.0,2.0,0.0
1476,65,9,1,338.0,5.0,0.0
1477,65,20,1,101.0,14.0,0.0
1478,65,23,1,312.0,9.0,0.0
1479,65,27,1,247.0,4.0,0.0
1480,65,18,3,226.0,35.0,19.2
1481,65,16,3,317.0,42.0,16.3
1482,65,8,3,21.0,12.0,19.7
1483,65,1,3,64.0,4.0,0.0
1484,65,24,3,42.0,33.0,0.0
1485,65,17,3,329.0,87.0,0.0
1486,65,7,3,333.0,5.0,0.0
1487,65,5,5,113.0,11.0,0.0
1488,65,12,5,57.0,1.0,0.0
1489,65,136,2,0.0,0.0,29.0
1490,65,12,5,56.0,4.0,0.0
1491,66,16,1,293.0,28.0,18.0
1492,66,21,1,165.0,45.0,19.3
1493,66,25,1,116.0,20.0,17.3
1494,66,26,1,293.0,57.0,22.8
1495,66,29,1,63.0,51.0,14.8
1496,66,31,1,210.0,48.0,23.6
1497,66,2,1,35.0,2.0,0.0
1498,66,9,1,338.0,5.0,0.0
1499,66,20,1,101.0,14.0,0.0
1500,66,23,1,312.0,9.0,0.0
1501,66,27,1,247.0,4.0,0.0
1502,66,18,3,226.0,35.0,19.2
1503,66,16,3,317.0,42.0,15.7
1504,66,8,3,21.0,12.0,19.2
1505,66,1,3,64.0,4.0,0.0
1506,66,24,3,42.0,33.0,0.0
1507,66,17,3,329.0,87.0,0.0
1508,66,7,3,333.0,5.0,0.0
1509,66,5,5,113.0,11.0,0.0
1510,66,12,5,57.0,1.0,0.0
1511,66,136,2,0.0,0.0,29.0
1512,66,12,5,56.0,4.0,0.0
1513,67,16,1,293.0,28.0,18.2
1514,67,21,1,165.0,45.0,15.5
1515,67,25,1,116.0,20.0,16.2
1516,67,26,1,293.0,57.0,15.1
1517,67,29,1,63.0,51.0,14.8
1518,67,31,1,210.0,48.0,27.0
1519,67,2,1,35.0,2.0,0.0
1520,67,9,1,338.0,5.0,0.0
1521,67,20,1,101.0,14.0,0.0
1522,67,23,1,312.0,9.0,0.0
1523,67,27,1,247.0,4.0,0.0
1524,67,18,3,226.0,35.0,19.2
1525,67,16,3,317.0,42.0,15.7
1526,67,8,3,21.0,12.0,21.1
1527,67,1,3,64.0,4.0,0.0
1528,67,24,3,42.0,33.0,0.0
1529,67,17,3,330.0,87.0,0.0
1530,67,7,3,333.0,5.0,0.0
1531,67,5,5,113.0,11.0,0.0
1532,67,12,5,57.0,1.0,0.0
1533,67,136,2,0.0,0.0,29.0
1534,67,12,5,56.0,4.0,0.0
1535,68,16,1,293.0,28.0,17.7
1536,68,21,1,165.0,45.0,15.5
1537,68,25,1,116.0,20.0,15.6
1538,68,26,1,293.0,57.0,15.1
1539,68,29,1,63.0,51.0,18.3
1540,68,31,1,210.0,48.0,26.5
1541,68,2,1,35.0,2.0,0.0
1542,68,9,1,338.0,5.0,0.0
1543,68,20,1,101.0,14.0,0.0
1544,68,23,1,312.0,9.0,0.0
1545,68,27,1,247.0,4.0,0.0
1546,68,18,3,226.0,35.0,16.8
1547,68,16,3,317.0,42.0,15.7
1548,68,8,3,21.0,12.0,25.2
1549,68,1,3,64.0,4.0,0.0
1550,68,24,3,42.0,33.0,0.0
1551,68,17,3,330.0,87.0,0.0
1552,68,7,3,333.0,5.0,0.0
1553,68,5,5,113.0,11.0,0.0
1554,68,12,5,57.0,1.0,0.0
1555,68,136,2,0.0,0.0,29.0
1556,68,12,5,56.0,4.0,0.0
1557,69,16,1,293.0,28.0,17.2
1558,69,21,1,165.0,45.0,15.4
1559,69,25,1,116.0,20.0,16.0
1560,69,26,1,293.0,57.0,19.9
1561,69,29,1,63.0,51.0,19.4
1562,69,31,1,210.0,48.0,25.2
1563,69,2,1,35.0,2.0,0.0
1564,69,9,1,338.0,5.0,0.0
1565,69,20,1,101.0,14.0,0.0
1566,69,23,1,312.0,9.0,0.0
1567,69,27,1,247.0,4.0,0.0
1568,69,18,3,226.0,35.0,21.2
1569,69,16,3,317.0,42.0,15.7
1570,69,8,3,21.0,12.0,24.3
1571,69,1,3,64.0,4.0,0.0
1572,69,24,3,42.0,33.0,0.0
1573,69,17,3,330.0,87.0,0.0
1574,69,7,3,333.0,5.0,0.0
1575,69,5,5,113.0,11.0,0.0
1576,69,12,5,57.0,1.0,0.0
1577,69,136,2,0.0,0.0,29.0
1578,69,12,5,56.0,4.0,0.0
1579,70,16,1,293.0,28.0,17.2
1580,70,21,1,165.0,45.0,15.4
1581,70,25,1,116.0,20.0,16.0
1582,70,26,1,293.0,57.0,19.7
1583,70,29,1,63.0,51.0,19.2
1584,70,31,1,210.0,48.0,18.1
1585,70,2,1,35.0,2.0,0.0
1586,70,9,1,338.0,5.0,0.0
1587,70,20,1,101.0,14.0,0.0
1588,70,23,1,312.0,9.0,0.0
1589,70,27,1,247.0,4.0,0.0
1590,70,18,3,226.0,35.0,19.4
1591,70,16,3,317.0,42.0,15.7
1592,70,8,3,21.0,12.0,21.3
1593,70,1,3,64.0,4.0,0.0
1594,70,24,3,42.0,33.0,0.0
1595,70,17,3,330.0,87.0,0.0
1596,70,7,3,333.0,5.0,0.0
1597,70,5,5,113.0,11.0,0.0
1598,70,12,5,57.0,1.0,0.0
1599,70,136,2,0.0,0.0,29.0
1600,70,12,5,56.0,4.0,0.0
1601,71,16,1,293.0,28.0,17.1
1602,71,21,1,165.0,45.0,15.4
1603,71,25,1,116.0,20.0,15.8
1604,71,26,1,293.0,57.0,18.4
1605,71,29,1,63.0,51.0,20.7
1606,71,31,1,210.0,48.0,18.1
1607,71,2,1,35.0,2.0,0.0
1608,71,9,1,338.0,5.0,0.0
1609,71,20,1,101.0,14.0,0.0
1610,71,23,1,312.0,9.0,0.0
1611,71,27,1,247.0,4.0,0.0
1612,71,18,3,226.0,35.0,20.7
1613,71,16,3,317.0,42.0,14.0
1614,71,7,3,333.0,5.0,12.8
1615,71,8,3,21.0,12.0,20.8
1616,71,1,3,64.0,4.0,0.0
1617,71,24,3,42.0,33.0,0.0
1618,71,17,3,330.0,87.0,0.0
1619,71,5,5,113.0,11.0,0.0
1620,71,12,5,57.0,1.0,0.0
1621,71,136,2,0.0,0.0,29.0
1622,71,12,5,56.0,4.0,0.0
1623,72,16,1,293.0,28.0,17.4
1624,72,21,1,165.0,45.0,15.4
1625,72,23,1,312.0,9.0,13.1
1626,72,25,1,116.0,20.0,16.0
1627,72,26,1,293.0,57.0,18.4
1628,72,29,1,63.0,51.0,21.4
1629,72,31,1,210.0,48.0,16.5
1630,72,2,1,35.0,2.0,0.0
1631,72,9,1,338.0,5.0,0.0
1632,72,20,1,101.0,14.0,0.0
1633,72,27,1,247.0,4.0,0.0
1634,72,18,3,226.0,35.0,20.1
1635,72,16,3,317.0,42.0,13.8
1636,72,7,3,333.0,5.0,13.3
1637,72,8,3,21.0,12.0,18.3
1638,72,1,3,64.0,4.0,0.0
1639,72,24,3,42.0,33.0,0.0
1640,72,17,3,330.0,87.0,0.0
1641,72,5,5,113.0,11.0,0.0
1642,72,12,5,57.0,1.0,0.0
1643,72,136,2,0.0,0.0,29.0
1644,72,12,5,56.0,4.0,0.0
1645,73,16,1,293.0,28.0,17.9
1646,73,21,1,165.0,45.0,16.4
1647,73,23,1,312.0,9.0,13.9
1648,73,25,1,116.0,20.0,16.1
1649,73,26,1,293.0,57.0,17.5
1650,73,29,1,63.0,51.0,21.4
1651,73,31,1,210.0,48.0,23.0
1652,73,2,1,35.0,2.0,0.0
1653,73,9,1,338.0,5.0,0.0
1654,73,20,1,101.0,14.0,0.0
1655,73,27,1,247.0,4.0,0.0
1656,73,18,3,226.0,35.0,20.8
1657,73,16,3,317.0,42.0,13.8
1658,73,7,3,333.0,5.0,13.7
1659,73,8,3,21.0,12.0,19.6
1660,73,1,3,64.0,4.0,0.0
1661,73,24,3,42.0,33.0,0.0
1662,73,17,3,330.0,87.0,0.0
1663,73,5,5,113.0,11.0,0.0
1664,73,12,5,57.0,1.0,0.0
1665,73,136,2,0.0,0.0,29.0
1666,73,12,5,56.0,4.0,0.0
1667,74,16,1,293.0,28.0,20.4
1668,74,21,1,165.0,45.0,23.5
1669,74,23,1,312.0,9.0,13.9
1670,74,25,1,116.0,20.0,15.8
1671,74,26,1,293.0,57.0,17.5
1672,74,29,1,63.0,51.0,21.4
1673,74,31,1,210.0,48.0,16.8
1674,74,2,1,35.0,2.0,0.0
1675,74,9,1,338.0,5.0,0.0
1676,74,20,1,101.0,14.0,0.0
1677,74,27,1,247.0,4.0,0.0
1678,74,18,3,226.0,35.0,20.8
1679,74,16,3,317.0,42.0,13.8
1680,74,7,3,333.0,5.0,13.4
1681,74,8,3,21.0,12.0,17.8
1682,74,1,3,64.0,4.0,0.0
1683,74,24,3,42.0,33.0,0.0
1684,74,17,3,330.0,87.0,0.0
1685,74,5,5,113.0,11.0,0.0
1686,74,12,5,57.0,1.0,0.0
1687,74,136,2,0.0,0.0,29.0
1688,74,12,5,56.0,4.0,0.0
1689,75,16,1,293.0,28.0,20.1
1690,75,21,1,165.0,45.0,22.4
1691,75,23,1,312.0,9.0,14.1
1692,75,25,1,116.0,20.0,15.8
1693,75,26,1,293.0,57.0,16.4
1694,75,29,1,63.0,51.0,15.6
1695,75,31,1,210.0,48.0,17.6
1696,75,2,1,35.0,2.0,0.0
1697,75,9,1,338.0,5.0,0.0
1698,75,20,1,101.0,14.0,0.0
1699,75,27,1,247.0,4.0,0.0
1700,75,18,3,226.0,35.0,15.3
1701,75,16,3,317.0,42.0,13.8
1702,75,7,3,333.0,5.0,13.2
1703,75,8,3,21.0,12.0,19.7
1704,75,1,3,64.0,4.0,0.0
1705,75,24,3,42.0,33.0,0.0
1706,75,17,3,330.0,87.0,0.0
1707,75,5,5,113.0,11.0,0.0
1708,75,12,5,57.0,1.0,0.0
1709,75,136,2,0.0,0.0,29.0
1710,75,12,5,56.0,4.0,0.0
1711,76,16,1,293.0,28.0,20.1
1712,76,21,1,165.0,45.0,20.1
1713,76,23,1,312.0,9.0,14.1
1714,76,25,1,116.0,20.0,19.0
1715,76,26,1,293.0,57.0,18.3
1716,76,29,1,63.0,51.0,17.9
1717,76,31,1,210.0,48.0,17.2
1718,76,2,1,35.0,2.0,0.0
1719,76,9,1,338.0,5.0,0.0
1720,76,20,1,101.0,14.0,0.0
1721,76,27,1,247.0,4.0,0.0
1722,76,18,3,226.0,35.0,17.6
1723,76,16,3,317.0,42.0,13.8
1724,76,7,3,333.0,5.0,13.2
1725,76,8,3,21.0,12.0,19.7
1726,76,1,3,64.0,4.0,0.0
1727,76,24,3,42.0,33.0,0.0
1728,76,17,3,330.0,87.0,0.0
1729,76,5,5,113.0,11.0,0.0
1730,76,12,5,57.0,1.0,0.0
1731,76,136,2,0.0,0.0,29.0
1732,76,12,5,56.0,4.0,0.0
1733,77,16,1,293.0,28.0,20.1
1734,77,20,1,101.0,14.0,16.2
1735,77,21,1,165.0,45.0,16.9
1736,77,23,1,312.0,9.0,14.1
1737,77,25,1,116.0,20.0,19.9
1738,77,26,1,293.0,57.0,18.3
1739,77,29,1,63.0,51.0,17.7
1740,77,31,1,210.0,48.0,20.5
1741,77,2,1,35.0,2.0,0.0
1742,77,9,1,338.0,5.0,0.0
1743,77,27,1,247.0,4.0,0.0
1744,77,18,3,226.0,35.0,18.6
1745,77,16,3,317.0,42.0,13.8
1746,77,7,3,333.0,5.0,13.2
1747,77,8,3,21.0,12.0,16.7
1748,77,1,3,64.0,4.0,0.0
1749,77,24,3,42.0,33.0,0.0
1750,77,17,3,330.0,87.0,0.0
1751,77,5,5,113.0,11.0,0.0
1752,77,12,5,57.0,1.0,0.0
1753,77,136,2,0.0,0.0,29.0
1754,77,12,5,56.0,4.0,0.0
1755,78,16,1,293.0,28.0,20.1
1756,78,20,1,101.0,14.0,15.9
1757,78,21,1,165.0,45.0,17.5
1758,78,23,1,312.0,9.0,14.1
1759,78,25,1,116.0,20.0,22.7
1760,78,26,1,293.0,57.0,18.3
1761,78,29,1,63.0,51.0,17.7
1762,78,31,1,210.0,48.0,22.8
1763,78,2,1,35.0,2.0,0.0
1764,78,9,1,338.0,5.0,0.0
1765,78,27,1,247.0,4.0,0.0
1766,78,18,3,226.0,35.0,21.5
1767,78,16,3,317.0,42.0,13.8
1768,78,7,3,333.0,5.0,15.2
1769,78,8,3,21.0,12.0,20.6
1770,78,1,3,64.0,4.0,0.0
1771,78,24,3,42.0,33.0,0.0
1772,78,17,3,330.0,87.0,0.0
1773,78,5,5,113.0,11.0,0.0
1774,78,12,5,57.0,1.0,0.0
1775,78,136,2,0.0,0.0,29.0
1776,78,12,5,56.0,4.0,0.0
1777,79,16,1,293.0,28.0,20.1
1778,79,20,1,101.0,14.0,16.1
1779,79,21,1,165.0,45.0,17.2
1780,79,23,1,312.0,9.0,14.1
1781,79,25,1,116.0,20.0,20.7
1782,79,26,1,293.0,57.0,16.9
1783,79,29,1,63.0,51.0,16.3
1784,79,31,1,210.0,48.0,21.7
1785,79,2,1,35.0,2.0,0.0
1786,79,9,1,338.0,5.0,0.0
1787,79,27,1,247.0,4.0,0.0
1788,79,18,3,226.0,35.0,18.0
1789,79,16,3,317.0,42.0,13.8
1790,79,7,3,333.0,5.0,15.2
1791,79,8,3,21.0,12.0,20.3
1792,79,1,3,64.0,4.0,0.0
1793,79,24,3,42.0,33.0,0.0
1794,79,17,3,330.0,87.0,0.0
1795,79,5,5,113.0,11.0,0.0
1796,79,12,5,57.0,1.0,0.0
1797,79,136,2,0.0,0.0,29.0
1798,79,12,5,56.0,4.0,0.0
